DTU_2021_1010000_1_MG_Nar_ID1_SFA_P1_0_5_S0_L001_R1_001.singletons.fq.gz,1364426,177881416
DTU_2021_1010000_1_MG_Nar_ID1_SFA_P1_0_5_S0_L001_R1_001.trim.fq.gz,41759296,6184263511
DTU_2021_1010000_1_MG_Nar_ID1_SFA_P1_0_5_S0_L001_R2_001.trim.fq.gz,41759296,6122356213
DTU_2021_1010001_1_MG_Nar_ID2_SFA_P1_5_10_S0_L001_R1_001.singletons.fq.gz,1426808,186592155
DTU_2021_1010001_1_MG_Nar_ID2_SFA_P1_5_10_S0_L001_R1_001.trim.fq.gz,41683413,6171491351
DTU_2021_1010001_1_MG_Nar_ID2_SFA_P1_5_10_S0_L001_R2_001.trim.fq.gz,41683413,6097130650
DTU_2021_1010002_1_MG_Nar_ID3_SFA_P2_0_5_S0_L001_R1_001.singletons.fq.gz,2012158,262670455
DTU_2021_1010002_1_MG_Nar_ID3_SFA_P2_0_5_S0_L001_R1_001.trim.fq.gz,44822845,6636197758
DTU_2021_1010002_1_MG_Nar_ID3_SFA_P2_0_5_S0_L001_R2_001.trim.fq.gz,44822845,6517332843
DTU_2021_1010003_1_MG_Nar_ID4_SFA_P2_5_10_S0_L001_R1_001.singletons.fq.gz,1845473,237449448
DTU_2021_1010003_1_MG_Nar_ID4_SFA_P2_5_10_S0_L001_R1_001.trim.fq.gz,48718516,7210671472
DTU_2021_1010003_1_MG_Nar_ID4_SFA_P2_5_10_S0_L001_R2_001.trim.fq.gz,48718516,7102945842
DTU_2021_1010004_1_MG_Nar_ID5_SFA_P3_0_5_S0_L001_R1_001.singletons.fq.gz,1928434,251008941
DTU_2021_1010004_1_MG_Nar_ID5_SFA_P3_0_5_S0_L001_R1_001.trim.fq.gz,51168387,7578745928
DTU_2021_1010004_1_MG_Nar_ID5_SFA_P3_0_5_S0_L001_R2_001.trim.fq.gz,51168387,7483067060
DTU_2021_1010005_1_MG_Nar_ID6_SFA_P3_5_10_S0_L001_R1_001.singletons.fq.gz,1576580,204140986
DTU_2021_1010005_1_MG_Nar_ID6_SFA_P3_5_10_S0_L001_R1_001.trim.fq.gz,42830719,6343270482
DTU_2021_1010005_1_MG_Nar_ID6_SFA_P3_5_10_S0_L001_R2_001.trim.fq.gz,42830719,6266760114
DTU_2021_1010006_1_MG_Nar_ID7_SFA_P4_0_5_S0_L001_R1_001.singletons.fq.gz,1688956,220964404
DTU_2021_1010006_1_MG_Nar_ID7_SFA_P4_0_5_S0_L001_R1_001.trim.fq.gz,41382579,6125297514
DTU_2021_1010006_1_MG_Nar_ID7_SFA_P4_0_5_S0_L001_R2_001.trim.fq.gz,41382579,6022657802
DTU_2021_1010007_1_MG_Nar_ID8_SFA_P4_5_10_S0_L001_R1_001.singletons.fq.gz,1641697,213348153
DTU_2021_1010007_1_MG_Nar_ID8_SFA_P4_5_10_S0_L001_R1_001.trim.fq.gz,46379157,6866175864
DTU_2021_1010007_1_MG_Nar_ID8_SFA_P4_5_10_S0_L001_R2_001.trim.fq.gz,46379157,6778759768
DTU_2021_1010008_1_MG_Nar_ID12_SFA_P4_0_5_C4_S61_L001_R1_001.singletons.fq.gz,1886082,243584841
DTU_2021_1010008_1_MG_Nar_ID12_SFA_P4_0_5_C4_S61_L001_R1_001.trim.fq.gz,55172646,8041634924
DTU_2021_1010008_1_MG_Nar_ID12_SFA_P4_0_5_C4_S61_L001_R2_001.trim.fq.gz,55172646,7992695645
DTU_2021_1010009_1_MG_Nar_ID13_SFB_P5_0_5_C1_S0_L001_R1_001.singletons.fq.gz,1937162,261765319
DTU_2021_1010009_1_MG_Nar_ID13_SFB_P5_0_5_C1_S0_L001_R1_001.trim.fq.gz,47216872,7014144882
DTU_2021_1010009_1_MG_Nar_ID13_SFB_P5_0_5_C1_S0_L001_R2_001.trim.fq.gz,47216872,6835836634
DTU_2021_1010010_1_MG_Nar_ID16_SFB_P5_0_5_C4_S0_L001_R1_001.singletons.fq.gz,1567951,212798221
DTU_2021_1010010_1_MG_Nar_ID16_SFB_P5_0_5_C4_S0_L001_R1_001.trim.fq.gz,47162690,7024494591
DTU_2021_1010010_1_MG_Nar_ID16_SFB_P5_0_5_C4_S0_L001_R2_001.trim.fq.gz,47162690,6853922292
DTU_2021_1010011_1_MG_Nar_ID17_SFB_P5_0_5_S0_L001_R1_001.singletons.fq.gz,1752454,235945954
DTU_2021_1010011_1_MG_Nar_ID17_SFB_P5_0_5_S0_L001_R1_001.trim.fq.gz,49035508,7277623098
DTU_2021_1010011_1_MG_Nar_ID17_SFB_P5_0_5_S0_L001_R2_001.trim.fq.gz,49035508,7158537802
DTU_2021_1010012_1_MG_Nar_ID18_SFB_P5_5_10_S0_L001_R1_001.singletons.fq.gz,1955908,258769099
DTU_2021_1010012_1_MG_Nar_ID18_SFB_P5_5_10_S0_L001_R1_001.trim.fq.gz,52719819,7819401081
DTU_2021_1010012_1_MG_Nar_ID18_SFB_P5_5_10_S0_L001_R2_001.trim.fq.gz,52719819,7701366934
DTU_2021_1010013_1_MG_Nar_ID19_SFB_P6_0_5_S0_L001_R1_001.singletons.fq.gz,1170582,153554394
DTU_2021_1010013_1_MG_Nar_ID19_SFB_P6_0_5_S0_L001_R1_001.trim.fq.gz,41708158,6094009528
DTU_2021_1010013_1_MG_Nar_ID19_SFB_P6_0_5_S0_L001_R2_001.trim.fq.gz,41708158,6059349755
DTU_2021_1010014_1_MG_Nar_ID20_SFB_P6_5_10_S0_L001_R1_001.singletons.fq.gz,1725279,226141504
DTU_2021_1010014_1_MG_Nar_ID20_SFB_P6_5_10_S0_L001_R1_001.trim.fq.gz,41467536,6141825379
DTU_2021_1010014_1_MG_Nar_ID20_SFB_P6_5_10_S0_L001_R2_001.trim.fq.gz,41467536,6028872358
DTU_2021_1010015_1_MG_Nar_ID21_SFB_P7_0_5_S0_L001_R1_001.singletons.fq.gz,2297231,299789027
DTU_2021_1010015_1_MG_Nar_ID21_SFB_P7_0_5_S0_L001_R1_001.trim.fq.gz,50275069,7443816943
DTU_2021_1010015_1_MG_Nar_ID21_SFB_P7_0_5_S0_L001_R2_001.trim.fq.gz,50275069,7304923455
DTU_2021_1010016_1_MG_Nar_ID22_SFB_P7_5_10_S0_L001_R1_001.singletons.fq.gz,3366842,440623570
DTU_2021_1010016_1_MG_Nar_ID22_SFB_P7_5_10_S0_L001_R1_001.trim.fq.gz,94820099,13950672401
DTU_2021_1010016_1_MG_Nar_ID22_SFB_P7_5_10_S0_L001_R2_001.trim.fq.gz,94820099,13865279885
DTU_2021_1010017_1_MG_Nar_ID23_SFB_P8_0_5_S0_L001_R1_001.singletons.fq.gz,1892061,245571297
DTU_2021_1010017_1_MG_Nar_ID23_SFB_P8_0_5_S0_L001_R1_001.trim.fq.gz,48063891,7117222736
DTU_2021_1010017_1_MG_Nar_ID23_SFB_P8_0_5_S0_L001_R2_001.trim.fq.gz,48063891,7000018588
DTU_2021_1010018_1_MG_Nar_ID24_SFB_P8_5_10_S0_L001_R1_001.singletons.fq.gz,2141549,279743635
DTU_2021_1010018_1_MG_Nar_ID24_SFB_P8_5_10_S0_L001_R1_001.trim.fq.gz,52817661,7818402431
DTU_2021_1010018_1_MG_Nar_ID24_SFB_P8_5_10_S0_L001_R2_001.trim.fq.gz,52817661,7679715949
DTU_2021_1010019_1_MG_Nar_ID25_SFC_P9_0_5_S0_L001_R1_001.singletons.fq.gz,1805400,236562650
DTU_2021_1010019_1_MG_Nar_ID25_SFC_P9_0_5_S0_L001_R1_001.trim.fq.gz,44906524,6644802914
DTU_2021_1010019_1_MG_Nar_ID25_SFC_P9_0_5_S0_L001_R2_001.trim.fq.gz,44906524,6541513046
DTU_2021_1010020_1_MG_Nar_ID26_SFC_P9_5_10_S0_L001_R1_001.singletons.fq.gz,1637927,218468304
DTU_2021_1010020_1_MG_Nar_ID26_SFC_P9_5_10_S0_L001_R1_001.trim.fq.gz,44938756,6658522521
DTU_2021_1010020_1_MG_Nar_ID26_SFC_P9_5_10_S0_L001_R2_001.trim.fq.gz,44938756,6536773179
DTU_2021_1010021_1_MG_Nar_ID27_SFC_P10_0_5_S0_L001_R1_001.singletons.fq.gz,1530190,205540993
DTU_2021_1010021_1_MG_Nar_ID27_SFC_P10_0_5_S0_L001_R1_001.trim.fq.gz,46041418,6834928799
DTU_2021_1010021_1_MG_Nar_ID27_SFC_P10_0_5_S0_L001_R2_001.trim.fq.gz,46041418,6729962138
DTU_2021_1010022_1_MG_Nar_ID28_SFC_P10_5_10_S0_L001_R1_001.singletons.fq.gz,1634887,217893386
DTU_2021_1010022_1_MG_Nar_ID28_SFC_P10_5_10_S0_L001_R1_001.trim.fq.gz,46419336,6876208215
DTU_2021_1010022_1_MG_Nar_ID28_SFC_P10_5_10_S0_L001_R2_001.trim.fq.gz,46419336,6769277085
DTU_2021_1010023_1_MG_Nar_ID29_SFC_P11_0_5_S0_L001_R1_001.singletons.fq.gz,1865476,251603368
DTU_2021_1010023_1_MG_Nar_ID29_SFC_P11_0_5_S0_L001_R1_001.trim.fq.gz,47259187,7009900516
DTU_2021_1010023_1_MG_Nar_ID29_SFC_P11_0_5_S0_L001_R2_001.trim.fq.gz,47259187,6866474530
DTU_2021_1010024_1_MG_Nar_ID30_SFC_P11_5_10_S0_L001_R1_001.singletons.fq.gz,1935678,253545749
DTU_2021_1010024_1_MG_Nar_ID30_SFC_P11_5_10_S0_L001_R1_001.trim.fq.gz,56609366,8368764982
DTU_2021_1010024_1_MG_Nar_ID30_SFC_P11_5_10_S0_L001_R2_001.trim.fq.gz,56609366,8274175563
DTU_2021_1010025_1_MG_Nar_ID31_SFC_P12_0_5_S0_L001_R1_001.singletons.fq.gz,1131325,143326486
DTU_2021_1010025_1_MG_Nar_ID31_SFC_P12_0_5_S0_L001_R1_001.trim.fq.gz,41397275,5937337746
DTU_2021_1010025_1_MG_Nar_ID31_SFC_P12_0_5_S0_L001_R2_001.trim.fq.gz,41397275,5910071922
DTU_2021_1010026_1_MG_Nar_ID32_SFC_P12_5_10_S0_L001_R1_001.singletons.fq.gz,1448086,187862797
DTU_2021_1010026_1_MG_Nar_ID32_SFC_P12_5_10_S0_L001_R1_001.trim.fq.gz,41550905,6155075464
DTU_2021_1010026_1_MG_Nar_ID32_SFC_P12_5_10_S0_L001_R2_001.trim.fq.gz,41550905,6051605380
DTU_2021_1010027_1_MG_Nar_ID36_SFD_P13_0_5_C4_S0_L001_R1_001.singletons.fq.gz,916613,118400134
DTU_2021_1010027_1_MG_Nar_ID36_SFD_P13_0_5_C4_S0_L001_R1_001.trim.fq.gz,39445429,5625492662
DTU_2021_1010027_1_MG_Nar_ID36_SFD_P13_0_5_C4_S0_L001_R2_001.trim.fq.gz,39445429,5612039242
DTU_2021_1010028_1_MG_Nar_ID37_SFD_P13_0_5_S0_L001_R1_001.singletons.fq.gz,1433632,187263833
DTU_2021_1010028_1_MG_Nar_ID37_SFD_P13_0_5_S0_L001_R1_001.trim.fq.gz,41909160,6202682240
DTU_2021_1010028_1_MG_Nar_ID37_SFD_P13_0_5_S0_L001_R2_001.trim.fq.gz,41909160,6130740390
DTU_2021_1010029_1_MG_Nar_ID38_SFD_P13_5_10_S0_L001_R1_001.singletons.fq.gz,1925003,252666853
DTU_2021_1010029_1_MG_Nar_ID38_SFD_P13_5_10_S0_L001_R1_001.trim.fq.gz,52107393,7720516557
DTU_2021_1010029_1_MG_Nar_ID38_SFD_P13_5_10_S0_L001_R2_001.trim.fq.gz,52107393,7624680310
DTU_2021_1010030_1_MG_Nar_ID39_SFD_P14_0_5_S0_L001_R1_001.singletons.fq.gz,1834685,238671115
DTU_2021_1010030_1_MG_Nar_ID39_SFD_P14_0_5_S0_L001_R1_001.trim.fq.gz,41585274,6149915953
DTU_2021_1010030_1_MG_Nar_ID39_SFD_P14_0_5_S0_L001_R2_001.trim.fq.gz,41585274,6036245032
DTU_2021_1010031_1_MG_Nar_ID40_SFD_P14_5_10_S0_L001_R1_001.singletons.fq.gz,1547237,203186766
DTU_2021_1010031_1_MG_Nar_ID40_SFD_P14_5_10_S0_L001_R1_001.trim.fq.gz,41427732,6132876339
DTU_2021_1010031_1_MG_Nar_ID40_SFD_P14_5_10_S0_L001_R2_001.trim.fq.gz,41427732,6036797351
DTU_2021_1010032_1_MG_Nar_ID41_SFD_P15_0_5_S0_L001_R1_001.singletons.fq.gz,1764744,236212652
DTU_2021_1010032_1_MG_Nar_ID41_SFD_P15_0_5_S0_L001_R1_001.trim.fq.gz,46533124,6910233548
DTU_2021_1010032_1_MG_Nar_ID41_SFD_P15_0_5_S0_L001_R2_001.trim.fq.gz,46533124,6769810342
DTU_2021_1010033_1_MG_Nar_ID42_SFD_P15_5_10_S0_L001_R1_001.singletons.fq.gz,1815842,246352851
DTU_2021_1010033_1_MG_Nar_ID42_SFD_P15_5_10_S0_L001_R1_001.trim.fq.gz,44982796,6683969190
DTU_2021_1010033_1_MG_Nar_ID42_SFD_P15_5_10_S0_L001_R2_001.trim.fq.gz,44982796,6533292660
DTU_2021_1010034_1_MG_Nar_ID43_SFD_P16_0_5_S0_L001_R1_001.singletons.fq.gz,1755857,236529082
DTU_2021_1010034_1_MG_Nar_ID43_SFD_P16_0_5_S0_L001_R1_001.trim.fq.gz,46679465,6934129656
DTU_2021_1010034_1_MG_Nar_ID43_SFD_P16_0_5_S0_L001_R2_001.trim.fq.gz,46679465,6798476706
DTU_2021_1010035_1_MG_Nar_ID44_SFD_P16_5_10_S0_L001_R1_001.singletons.fq.gz,1745806,233018572
DTU_2021_1010035_1_MG_Nar_ID44_SFD_P16_5_10_S0_L001_R1_001.trim.fq.gz,47805300,7065194369
DTU_2021_1010035_1_MG_Nar_ID44_SFD_P16_5_10_S0_L001_R2_001.trim.fq.gz,47805300,6951721765
DTU_2021_1010036_1_MG_Nar_ID45_SFE_P17_0_5_C1_S0_L001_R1_001.singletons.fq.gz,1216522,158128223
DTU_2021_1010036_1_MG_Nar_ID45_SFE_P17_0_5_C1_S0_L001_R1_001.trim.fq.gz,43078007,6306116778
DTU_2021_1010036_1_MG_Nar_ID45_SFE_P17_0_5_C1_S0_L001_R2_001.trim.fq.gz,43078007,6254842037
DTU_2021_1010037_1_MG_Nar_ID48_SFE_P17_0_5_C4_S0_L001_R1_001.singletons.fq.gz,1348494,173928144
DTU_2021_1010037_1_MG_Nar_ID48_SFE_P17_0_5_C4_S0_L001_R1_001.trim.fq.gz,48500799,7128502222
DTU_2021_1010037_1_MG_Nar_ID48_SFE_P17_0_5_C4_S0_L001_R2_001.trim.fq.gz,48500799,7107361164
DTU_2021_1010038_1_MG_Nar_ID49_SFE_P17_0_5_S0_L001_R1_001.singletons.fq.gz,1507657,196823393
DTU_2021_1010038_1_MG_Nar_ID49_SFE_P17_0_5_S0_L001_R1_001.trim.fq.gz,42514139,6301078940
DTU_2021_1010038_1_MG_Nar_ID49_SFE_P17_0_5_S0_L001_R2_001.trim.fq.gz,42514139,6227588825
DTU_2021_1010039_1_MG_Nar_ID50_SFE_P17_5_10_S0_L001_R1_001.singletons.fq.gz,1121832,146158371
DTU_2021_1010039_1_MG_Nar_ID50_SFE_P17_5_10_S0_L001_R1_001.trim.fq.gz,39532110,5770336830
DTU_2021_1010039_1_MG_Nar_ID50_SFE_P17_5_10_S0_L001_R2_001.trim.fq.gz,39532110,5720108121
DTU_2021_1010040_1_MG_Nar_ID51_SFE_P18_0_5_S0_L001_R1_001.singletons.fq.gz,1169313,154013776
DTU_2021_1010040_1_MG_Nar_ID51_SFE_P18_0_5_S0_L001_R1_001.trim.fq.gz,36993664,5439473505
DTU_2021_1010040_1_MG_Nar_ID51_SFE_P18_0_5_S0_L001_R2_001.trim.fq.gz,36993664,5397977259
DTU_2021_1010041_1_MG_Nar_ID52_SFE_P18_5_10_S0_L001_R1_001.singletons.fq.gz,1744022,231651960
DTU_2021_1010041_1_MG_Nar_ID52_SFE_P18_5_10_S0_L001_R1_001.trim.fq.gz,41192277,6096700422
DTU_2021_1010041_1_MG_Nar_ID52_SFE_P18_5_10_S0_L001_R2_001.trim.fq.gz,41192277,6001570035
DTU_2021_1010042_1_MG_Nar_ID53_SFE_P19_0_5_S0_L001_R1_001.singletons.fq.gz,1627658,212776852
DTU_2021_1010042_1_MG_Nar_ID53_SFE_P19_0_5_S0_L001_R1_001.trim.fq.gz,42111764,6218736062
DTU_2021_1010042_1_MG_Nar_ID53_SFE_P19_0_5_S0_L001_R2_001.trim.fq.gz,42111764,6112780019
DTU_2021_1010043_1_MG_Nar_ID54_SFE_P19_5_10_S0_L001_R1_001.singletons.fq.gz,1749866,234138316
DTU_2021_1010043_1_MG_Nar_ID54_SFE_P19_5_10_S0_L001_R1_001.trim.fq.gz,43332589,6408742348
DTU_2021_1010043_1_MG_Nar_ID54_SFE_P19_5_10_S0_L001_R2_001.trim.fq.gz,43332589,6280128427
DTU_2021_1010044_1_MG_Nar_ID55_SFE_P20_0_5_S0_L001_R1_001.singletons.fq.gz,1662043,221600602
DTU_2021_1010044_1_MG_Nar_ID55_SFE_P20_0_5_S0_L001_R1_001.trim.fq.gz,45783431,6784622984
DTU_2021_1010044_1_MG_Nar_ID55_SFE_P20_0_5_S0_L001_R2_001.trim.fq.gz,45783431,6661395483
DTU_2021_1010045_1_MG_Nar_ID56_SFE_P20_5_10_S0_L001_R1_001.singletons.fq.gz,1840560,245676472
DTU_2021_1010045_1_MG_Nar_ID56_SFE_P20_5_10_S0_L001_R1_001.trim.fq.gz,47058671,6976008093
DTU_2021_1010045_1_MG_Nar_ID56_SFE_P20_5_10_S0_L001_R2_001.trim.fq.gz,47058671,6830396477
DTU_2021_1010046_1_MG_Nar_ID57_SFF_P21_0_5_S0_L001_R1_001.singletons.fq.gz,1715833,229004979
DTU_2021_1010046_1_MG_Nar_ID57_SFF_P21_0_5_S0_L001_R1_001.trim.fq.gz,48962520,7244338576
DTU_2021_1010046_1_MG_Nar_ID57_SFF_P21_0_5_S0_L001_R2_001.trim.fq.gz,48962520,7127285253
DTU_2021_1010047_1_MG_Nar_ID58_SFF_P21_5_10_S0_L001_R1_001.singletons.fq.gz,1434387,189956136
DTU_2021_1010047_1_MG_Nar_ID58_SFF_P21_5_10_S0_L001_R1_001.trim.fq.gz,40226005,5908248346
DTU_2021_1010047_1_MG_Nar_ID58_SFF_P21_5_10_S0_L001_R2_001.trim.fq.gz,40226005,5819678791
DTU_2021_1010048_1_MG_Nar_ID59_SFF_P22_0_5_S0_L001_R1_001.singletons.fq.gz,1516912,197307932
DTU_2021_1010048_1_MG_Nar_ID59_SFF_P22_0_5_S0_L001_R1_001.trim.fq.gz,46895731,6893461012
DTU_2021_1010048_1_MG_Nar_ID59_SFF_P22_0_5_S0_L001_R2_001.trim.fq.gz,46895731,6826184401
DTU_2021_1010049_1_MG_Nar_ID60_SFF_P22_5_10_S0_L001_R1_001.singletons.fq.gz,1024979,129560919
DTU_2021_1010049_1_MG_Nar_ID60_SFF_P22_5_10_S0_L001_R1_001.trim.fq.gz,42159825,5949044438
DTU_2021_1010049_1_MG_Nar_ID60_SFF_P22_5_10_S0_L001_R2_001.trim.fq.gz,42159825,5942589550
DTU_2021_1010050_1_MG_Nar_ID61_SFF_P23_0_5_S0_L001_R1_001.singletons.fq.gz,1392688,180392260
DTU_2021_1010050_1_MG_Nar_ID61_SFF_P23_0_5_S0_L001_R1_001.trim.fq.gz,41971047,6215026803
DTU_2021_1010050_1_MG_Nar_ID61_SFF_P23_0_5_S0_L001_R2_001.trim.fq.gz,41971047,6148652289
DTU_2021_1010051_1_MG_Nar_ID62_SFF_P23_5_10_S0_L001_R1_001.singletons.fq.gz,1151409,148082172
DTU_2021_1010051_1_MG_Nar_ID62_SFF_P23_5_10_S0_L001_R1_001.trim.fq.gz,42233089,6141615312
DTU_2021_1010051_1_MG_Nar_ID62_SFF_P23_5_10_S0_L001_R2_001.trim.fq.gz,42233089,6106768023
DTU_2021_1010052_1_MG_Nar_ID63_SFF_P24_0_5_S0_L001_R1_001.singletons.fq.gz,1304743,169288914
DTU_2021_1010052_1_MG_Nar_ID63_SFF_P24_0_5_S0_L001_R1_001.trim.fq.gz,41784120,6145306403
DTU_2021_1010052_1_MG_Nar_ID63_SFF_P24_0_5_S0_L001_R2_001.trim.fq.gz,41784120,6091325993
DTU_2021_1010053_1_MG_Nar_ID64_SFF_P24_5_10_S38_L001_R1_001.singletons.fq.gz,1822256,238471724
DTU_2021_1010053_1_MG_Nar_ID64_SFF_P24_5_10_S38_L001_R1_001.trim.fq.gz,51094445,7499221994
DTU_2021_1010053_1_MG_Nar_ID64_SFF_P24_5_10_S38_L001_R2_001.trim.fq.gz,51094445,7475116428
DTU_2021_1010054_1_MG_Nuuk_ID65_S1_StV23C_0_5_C1_S0_L001_R1_001.singletons.fq.gz,1745765,227872516
DTU_2021_1010054_1_MG_Nuuk_ID65_S1_StV23C_0_5_C1_S0_L001_R1_001.trim.fq.gz,40904582,6047610605
DTU_2021_1010054_1_MG_Nuuk_ID65_S1_StV23C_0_5_C1_S0_L001_R2_001.trim.fq.gz,40904582,5928022092
DTU_2021_1010055_1_MG_Nuuk_ID69_S1_StV23C_0_5_inf1_S0_L001_R1_001.singletons.fq.gz,1479149,197391863
DTU_2021_1010055_1_MG_Nuuk_ID69_S1_StV23C_0_5_inf1_S0_L001_R1_001.trim.fq.gz,44945625,6627751662
DTU_2021_1010055_1_MG_Nuuk_ID69_S1_StV23C_0_5_inf1_S0_L001_R2_001.trim.fq.gz,44945625,6529455952
DTU_2021_1010056_1_MG_Nuuk_ID70_S1_StV23C_5_10_inf2_S0_L001_R1_001.singletons.fq.gz,1693509,225485979
DTU_2021_1010056_1_MG_Nuuk_ID70_S1_StV23C_5_10_inf2_S0_L001_R1_001.trim.fq.gz,44583112,6600128507
DTU_2021_1010056_1_MG_Nuuk_ID70_S1_StV23C_5_10_inf2_S0_L001_R2_001.trim.fq.gz,44583112,6459397843
DTU_2021_1010057_1_MG_Nuuk_ID71_S1_StV23C_0_5_inf3_S0_L001_R1_001.singletons.fq.gz,1574584,210992159
DTU_2021_1010057_1_MG_Nuuk_ID71_S1_StV23C_0_5_inf3_S0_L001_R1_001.trim.fq.gz,41249675,6088642296
DTU_2021_1010057_1_MG_Nuuk_ID71_S1_StV23C_0_5_inf3_S0_L001_R2_001.trim.fq.gz,41249675,5983529128
DTU_2021_1010058_1_MG_Nuuk_ID72_S1_StV23C_5_10_inf4_S62_L001_R1_001.singletons.fq.gz,1423422,185514467
DTU_2021_1010058_1_MG_Nuuk_ID72_S1_StV23C_5_10_inf4_S62_L001_R1_001.trim.fq.gz,46580012,6816667264
DTU_2021_1010058_1_MG_Nuuk_ID72_S1_StV23C_5_10_inf4_S62_L001_R2_001.trim.fq.gz,46580012,6816089559
DTU_2021_1010059_1_MG_Nuuk_ID73_S1_StV23C_0_5_inf5_S0_L001_R1_001.singletons.fq.gz,1634271,215814289
DTU_2021_1010059_1_MG_Nuuk_ID73_S1_StV23C_0_5_inf5_S0_L001_R1_001.trim.fq.gz,47775587,7020313063
DTU_2021_1010059_1_MG_Nuuk_ID73_S1_StV23C_0_5_inf5_S0_L001_R2_001.trim.fq.gz,47775587,6903193788
DTU_2021_1010060_1_MG_Nuuk_ID74_S1_StV23C_5_10_inf6_S0_L001_R1_001.singletons.fq.gz,1451697,186868816
DTU_2021_1010060_1_MG_Nuuk_ID74_S1_StV23C_5_10_inf6_S0_L001_R1_001.trim.fq.gz,49182143,7200119580
DTU_2021_1010060_1_MG_Nuuk_ID74_S1_StV23C_5_10_inf6_S0_L001_R2_001.trim.fq.gz,49182143,7174244799
DTU_2021_1010061_1_MG_Nuuk_ID75_S1_StV23C_0_5_inf7_S0_L001_R1_001.singletons.fq.gz,3337600,435958760
DTU_2021_1010061_1_MG_Nuuk_ID75_S1_StV23C_0_5_inf7_S0_L001_R1_001.trim.fq.gz,95312200,13956989728
DTU_2021_1010061_1_MG_Nuuk_ID75_S1_StV23C_0_5_inf7_S0_L001_R2_001.trim.fq.gz,95312200,13907788995
DTU_2021_1010062_1_MG_Nuuk_ID76_S1_StV23C_5_10_inf8_S0_L001_R1_001.singletons.fq.gz,1856523,243053482
DTU_2021_1010062_1_MG_Nuuk_ID76_S1_StV23C_5_10_inf8_S0_L001_R1_001.trim.fq.gz,44040396,6521640572
DTU_2021_1010062_1_MG_Nuuk_ID76_S1_StV23C_5_10_inf8_S0_L001_R2_001.trim.fq.gz,44040396,6394969330
DTU_2021_1010063_1_MG_Nuuk_ID77_S1_StV23C_0_5_inf9_S0_L001_R1_001.singletons.fq.gz,1354112,176390708
DTU_2021_1010063_1_MG_Nuuk_ID77_S1_StV23C_0_5_inf9_S0_L001_R1_001.trim.fq.gz,42111597,6138521568
DTU_2021_1010063_1_MG_Nuuk_ID77_S1_StV23C_0_5_inf9_S0_L001_R2_001.trim.fq.gz,42111597,6074077112
DTU_2021_1010064_1_MG_Nuuk_ID78_S1_StV23C_5_10_inf10_S0_L001_R1_001.singletons.fq.gz,1131158,149360687
DTU_2021_1010064_1_MG_Nuuk_ID78_S1_StV23C_5_10_inf10_S0_L001_R1_001.trim.fq.gz,41211413,6057674502
DTU_2021_1010064_1_MG_Nuuk_ID78_S1_StV23C_5_10_inf10_S0_L001_R2_001.trim.fq.gz,41211413,6010724541
DTU_2021_1010065_1_MG_Nuuk_ID79_S1_StV23C_NA_sf1_S0_L001_R1_001.singletons.fq.gz,2270637,296334980
DTU_2021_1010065_1_MG_Nuuk_ID79_S1_StV23C_NA_sf1_S0_L001_R1_001.trim.fq.gz,50863063,7535480086
DTU_2021_1010065_1_MG_Nuuk_ID79_S1_StV23C_NA_sf1_S0_L001_R2_001.trim.fq.gz,50863063,7341857054
DTU_2021_1010066_1_MG_Nuuk_ID80_S1_StV23C_0_5_out1_S0_L001_R1_001.singletons.fq.gz,2490185,324821935
DTU_2021_1010066_1_MG_Nuuk_ID80_S1_StV23C_0_5_out1_S0_L001_R1_001.trim.fq.gz,55552163,8201862591
DTU_2021_1010066_1_MG_Nuuk_ID80_S1_StV23C_0_5_out1_S0_L001_R2_001.trim.fq.gz,55552163,8025727839
DTU_2021_1010067_1_MG_Nuuk_ID81_S1_StV23C_5_10_out2_S0_L001_R1_001.singletons.fq.gz,2000400,267509143
DTU_2021_1010067_1_MG_Nuuk_ID81_S1_StV23C_5_10_out2_S0_L001_R1_001.trim.fq.gz,48760888,7220579766
DTU_2021_1010067_1_MG_Nuuk_ID81_S1_StV23C_5_10_out2_S0_L001_R2_001.trim.fq.gz,48760888,7066647078
DTU_2021_1010068_1_MG_Nuuk_ID82_S1_StV23C_0_5_out3_S0_L001_R1_001.singletons.fq.gz,1915034,257886558
DTU_2021_1010068_1_MG_Nuuk_ID82_S1_StV23C_0_5_out3_S0_L001_R1_001.trim.fq.gz,46043767,6822885093
DTU_2021_1010068_1_MG_Nuuk_ID82_S1_StV23C_0_5_out3_S0_L001_R2_001.trim.fq.gz,46043767,6659701334
DTU_2021_1010069_1_MG_Nuuk_ID83_S1_StV23C_5_10_out4_S0_L001_R1_001.singletons.fq.gz,1812995,241667716
DTU_2021_1010069_1_MG_Nuuk_ID83_S1_StV23C_5_10_out4_S0_L001_R1_001.trim.fq.gz,47085225,6966281222
DTU_2021_1010069_1_MG_Nuuk_ID83_S1_StV23C_5_10_out4_S0_L001_R2_001.trim.fq.gz,47085225,6819420548
DTU_2021_1010070_1_MG_Nuuk_ID84_S1_StV23C_0_5_out5_S0_L001_R1_001.singletons.fq.gz,2035947,274739687
DTU_2021_1010070_1_MG_Nuuk_ID84_S1_StV23C_0_5_out5_S0_L001_R1_001.trim.fq.gz,45950448,6815671375
DTU_2021_1010070_1_MG_Nuuk_ID84_S1_StV23C_0_5_out5_S0_L001_R2_001.trim.fq.gz,45950448,6646183081
DTU_2021_1010071_1_MG_Nuuk_ID85_S1_StV23C_5_10_out6_S1_L001_R1_001.singletons.fq.gz,2127916,278986717
DTU_2021_1010071_1_MG_Nuuk_ID85_S1_StV23C_5_10_out6_S1_L001_R1_001.trim.fq.gz,55695650,8167198111
DTU_2021_1010071_1_MG_Nuuk_ID85_S1_StV23C_5_10_out6_S1_L001_R2_001.trim.fq.gz,55695650,8106054469
DTU_2021_1010072_1_MG_Nuuk_ID86_S1_StV23C_0_5_out7_S0_L001_R1_001.singletons.fq.gz,1498125,194055927
DTU_2021_1010072_1_MG_Nuuk_ID86_S1_StV23C_0_5_out7_S0_L001_R1_001.trim.fq.gz,42879045,6293535544
DTU_2021_1010072_1_MG_Nuuk_ID86_S1_StV23C_0_5_out7_S0_L001_R2_001.trim.fq.gz,42879045,6204297947
DTU_2021_1010073_1_MG_Nuuk_ID87_S1_StV23C_5_10_out8_S0_L001_R1_001.singletons.fq.gz,1349837,174275358
DTU_2021_1010073_1_MG_Nuuk_ID87_S1_StV23C_5_10_out8_S0_L001_R1_001.trim.fq.gz,41613542,5872711012
DTU_2021_1010073_1_MG_Nuuk_ID87_S1_StV23C_5_10_out8_S0_L001_R2_001.trim.fq.gz,41613542,5835313942
DTU_2021_1010074_1_MG_Nuuk_ID88_S1_StV23C_0_5_out9_S0_L001_R1_001.singletons.fq.gz,1600470,207965888
DTU_2021_1010074_1_MG_Nuuk_ID88_S1_StV23C_0_5_out9_S0_L001_R1_001.trim.fq.gz,41376090,6124703062
DTU_2021_1010074_1_MG_Nuuk_ID88_S1_StV23C_0_5_out9_S0_L001_R2_001.trim.fq.gz,41376090,6029067375
DTU_2021_1010075_1_MG_Nuuk_ID89_S1_StV23C_5_10_out10_S0_L001_R1_001.singletons.fq.gz,1356379,177233782
DTU_2021_1010075_1_MG_Nuuk_ID89_S1_StV23C_5_10_out10_S0_L001_R1_001.trim.fq.gz,41515425,6121926136
DTU_2021_1010075_1_MG_Nuuk_ID89_S1_StV23C_5_10_out10_S0_L001_R2_001.trim.fq.gz,41515425,6045140009
DTU_2021_1010076_1_MG_Nuuk_ID90_S1_StV23C_5_mid1_S0_L001_R1_001.singletons.fq.gz,1714245,225158621
DTU_2021_1010076_1_MG_Nuuk_ID90_S1_StV23C_5_mid1_S0_L001_R1_001.trim.fq.gz,41855309,6186584907
DTU_2021_1010076_1_MG_Nuuk_ID90_S1_StV23C_5_mid1_S0_L001_R2_001.trim.fq.gz,41855309,6082545239
DTU_2021_1010077_1_MG_Nuuk_ID91_S1_StV23C_5_mid2_S0_L001_R1_001.singletons.fq.gz,2016050,263176746
DTU_2021_1010077_1_MG_Nuuk_ID91_S1_StV23C_5_mid2_S0_L001_R1_001.trim.fq.gz,49921995,7371396166
DTU_2021_1010077_1_MG_Nuuk_ID91_S1_StV23C_5_mid2_S0_L001_R2_001.trim.fq.gz,49921995,7253063527
DTU_2021_1010078_1_MG_Nuuk_ID92_S1_StV23C_19_mid3_S0_L001_R1_001.singletons.fq.gz,1918387,253064747
DTU_2021_1010078_1_MG_Nuuk_ID92_S1_StV23C_19_mid3_S0_L001_R1_001.trim.fq.gz,43488303,6418402569
DTU_2021_1010078_1_MG_Nuuk_ID92_S1_StV23C_19_mid3_S0_L001_R2_001.trim.fq.gz,43488303,6282676002
DTU_2021_1010079_1_MG_Nuuk_ID93_S1_StV23C_19_mid4_S0_L001_R1_001.singletons.fq.gz,1323311,172247214
DTU_2021_1010079_1_MG_Nuuk_ID93_S1_StV23C_19_mid4_S0_L001_R1_001.trim.fq.gz,43589814,6375813717
DTU_2021_1010079_1_MG_Nuuk_ID93_S1_StV23C_19_mid4_S0_L001_R2_001.trim.fq.gz,43589814,6312939046
DTU_2021_1010080_1_MG_Nuuk_ID94_S1_StV23C_35_mid5_S0_L001_R1_001.singletons.fq.gz,1328085,173723863
DTU_2021_1010080_1_MG_Nuuk_ID94_S1_StV23C_35_mid5_S0_L001_R1_001.trim.fq.gz,41916171,6168846300
DTU_2021_1010080_1_MG_Nuuk_ID94_S1_StV23C_35_mid5_S0_L001_R2_001.trim.fq.gz,41916171,6094045897
DTU_2021_1010081_1_MG_Nuuk_ID95_S1_StV23C_35_mid6_S0_L001_R1_001.singletons.fq.gz,1310716,172163489
DTU_2021_1010081_1_MG_Nuuk_ID95_S1_StV23C_35_mid6_S0_L001_R1_001.trim.fq.gz,44458996,6512580023
DTU_2021_1010081_1_MG_Nuuk_ID95_S1_StV23C_35_mid6_S0_L001_R2_001.trim.fq.gz,44458996,6444877867
DTU_2021_1010082_1_MG_Nuuk_ID96_S1_StV23C_42_mid7_S0_L001_R1_001.singletons.fq.gz,1397460,182710807
DTU_2021_1010082_1_MG_Nuuk_ID96_S1_StV23C_42_mid7_S0_L001_R1_001.trim.fq.gz,41540231,6102311471
DTU_2021_1010082_1_MG_Nuuk_ID96_S1_StV23C_42_mid7_S0_L001_R2_001.trim.fq.gz,41540231,6017268449
DTU_2021_1010083_1_MG_Nuuk_ID97_S1_StV23C_42_mid8_S0_L001_R1_001.singletons.fq.gz,1414933,186870023
DTU_2021_1010083_1_MG_Nuuk_ID97_S1_StV23C_42_mid8_S0_L001_R1_001.trim.fq.gz,47588513,6958354119
DTU_2021_1010083_1_MG_Nuuk_ID97_S1_StV23C_42_mid8_S0_L001_R2_001.trim.fq.gz,47588513,6883702865
DTU_2021_1010084_1_MG_Nuuk_ID98_S1_StV23C_49_mid9_S0_L001_R1_001.singletons.fq.gz,1269766,166039141
DTU_2021_1010084_1_MG_Nuuk_ID98_S1_StV23C_49_mid9_S0_L001_R1_001.trim.fq.gz,42017168,6188767826
DTU_2021_1010084_1_MG_Nuuk_ID98_S1_StV23C_49_mid9_S0_L001_R2_001.trim.fq.gz,42017168,6124986131
DTU_2021_1010085_1_MG_Nuuk_ID99_S1_StV23C_49_mid10_S0_L001_R1_001.singletons.fq.gz,1709361,209500823
DTU_2021_1010085_1_MG_Nuuk_ID99_S1_StV23C_49_mid10_S0_L001_R1_001.trim.fq.gz,48881818,6842485090
DTU_2021_1010085_1_MG_Nuuk_ID99_S1_StV23C_49_mid10_S0_L001_R2_001.trim.fq.gz,48881818,6802377082
DTU_2021_1010086_1_MG_Nuuk_ID100_S2_StV23B_0_5_C1_S0_L001_R1_001.singletons.fq.gz,1702465,220989249
DTU_2021_1010086_1_MG_Nuuk_ID100_S2_StV23B_0_5_C1_S0_L001_R1_001.trim.fq.gz,44371330,6572790730
DTU_2021_1010086_1_MG_Nuuk_ID100_S2_StV23B_0_5_C1_S0_L001_R2_001.trim.fq.gz,44371330,6470260366
DTU_2021_1010087_1_MG_Nuuk_ID103_S2_StV23B_NA_C4_S0_L001_R1_001.singletons.fq.gz,2332948,296835381
DTU_2021_1010087_1_MG_Nuuk_ID103_S2_StV23B_NA_C4_S0_L001_R1_001.trim.fq.gz,38634068,5656509766
DTU_2021_1010087_1_MG_Nuuk_ID103_S2_StV23B_NA_C4_S0_L001_R2_001.trim.fq.gz,38634068,5417266181
DTU_2021_1010088_1_MG_Nuuk_ID104_S2_StV23B_0_5_inf1_S0_L001_R1_001.singletons.fq.gz,1628716,212439048
DTU_2021_1010088_1_MG_Nuuk_ID104_S2_StV23B_0_5_inf1_S0_L001_R1_001.trim.fq.gz,47337781,7005700978
DTU_2021_1010088_1_MG_Nuuk_ID104_S2_StV23B_0_5_inf1_S0_L001_R2_001.trim.fq.gz,47337781,6924790548
DTU_2021_1010089_1_MG_Nuuk_ID105_S2_StV23B_5_10_inf2_S0_L001_R1_001.singletons.fq.gz,1825595,239813219
DTU_2021_1010089_1_MG_Nuuk_ID105_S2_StV23B_5_10_inf2_S0_L001_R1_001.trim.fq.gz,41601758,6158046971
DTU_2021_1010089_1_MG_Nuuk_ID105_S2_StV23B_5_10_inf2_S0_L001_R2_001.trim.fq.gz,41601758,6034011689
DTU_2021_1010090_1_MG_Nuuk_ID106_S2_StV23B_0_5_inf3_S0_L001_R1_001.singletons.fq.gz,1777187,229817502
DTU_2021_1010090_1_MG_Nuuk_ID106_S2_StV23B_0_5_inf3_S0_L001_R1_001.trim.fq.gz,44866152,6633819101
DTU_2021_1010090_1_MG_Nuuk_ID106_S2_StV23B_0_5_inf3_S0_L001_R2_001.trim.fq.gz,44866152,6533568551
DTU_2021_1010091_1_MG_Nuuk_ID107_S2_StV23B_5_10_inf4_S0_L001_R1_001.singletons.fq.gz,1666742,219709313
DTU_2021_1010091_1_MG_Nuuk_ID107_S2_StV23B_5_10_inf4_S0_L001_R1_001.trim.fq.gz,45789245,6778030756
DTU_2021_1010091_1_MG_Nuuk_ID107_S2_StV23B_5_10_inf4_S0_L001_R2_001.trim.fq.gz,45789245,6691528324
DTU_2021_1010092_1_MG_Nuuk_ID108_S2_StV23B_0_5_inf5_S0_L001_R1_001.singletons.fq.gz,1909681,254893163
DTU_2021_1010092_1_MG_Nuuk_ID108_S2_StV23B_0_5_inf5_S0_L001_R1_001.trim.fq.gz,48237259,7161951920
DTU_2021_1010092_1_MG_Nuuk_ID108_S2_StV23B_0_5_inf5_S0_L001_R2_001.trim.fq.gz,48237259,7007516519
DTU_2021_1010093_1_MG_Nuuk_ID109_S2_StV23B_5_10_inf6_S0_L001_R1_001.singletons.fq.gz,1975645,259347659
DTU_2021_1010093_1_MG_Nuuk_ID109_S2_StV23B_5_10_inf6_S0_L001_R1_001.trim.fq.gz,51817159,7678748841
DTU_2021_1010093_1_MG_Nuuk_ID109_S2_StV23B_5_10_inf6_S0_L001_R2_001.trim.fq.gz,51817159,7571890847
DTU_2021_1010094_1_MG_Nuuk_ID110_S2_StV23B_0_5_inf7_S0_L001_R1_001.singletons.fq.gz,1801922,243120278
DTU_2021_1010094_1_MG_Nuuk_ID110_S2_StV23B_0_5_inf7_S0_L001_R1_001.trim.fq.gz,44501948,6608647901
DTU_2021_1010094_1_MG_Nuuk_ID110_S2_StV23B_0_5_inf7_S0_L001_R2_001.trim.fq.gz,44501948,6453664513
DTU_2021_1010095_1_MG_Nuuk_ID111_S2_StV23B_5_10_inf8_S0_L001_R1_001.singletons.fq.gz,1958522,262559522
DTU_2021_1010095_1_MG_Nuuk_ID111_S2_StV23B_5_10_inf8_S0_L001_R1_001.trim.fq.gz,49202365,7296067958
DTU_2021_1010095_1_MG_Nuuk_ID111_S2_StV23B_5_10_inf8_S0_L001_R2_001.trim.fq.gz,49202365,7162900855
DTU_2021_1010096_1_MG_Nuuk_ID112_S2_StV23B_0_5_inf9_S0_L001_R1_001.singletons.fq.gz,1546225,202183385
DTU_2021_1010096_1_MG_Nuuk_ID112_S2_StV23B_0_5_inf9_S0_L001_R1_001.trim.fq.gz,42886021,6335014731
DTU_2021_1010096_1_MG_Nuuk_ID112_S2_StV23B_0_5_inf9_S0_L001_R2_001.trim.fq.gz,42886021,6268980266
DTU_2021_1010097_1_MG_Nuuk_ID113_S2_StV23B_5_10_inf10_S0_L001_R1_001.singletons.fq.gz,1814797,238147840
DTU_2021_1010097_1_MG_Nuuk_ID113_S2_StV23B_5_10_inf10_S0_L001_R1_001.trim.fq.gz,40969042,6061134003
DTU_2021_1010097_1_MG_Nuuk_ID113_S2_StV23B_5_10_inf10_S0_L001_R2_001.trim.fq.gz,40969042,5959697162
DTU_2021_1010098_1_MG_Nuuk_ID114_S2_StV23B_NA_sf1_S0_L001_R1_001.singletons.fq.gz,2211077,291821242
DTU_2021_1010098_1_MG_Nuuk_ID114_S2_StV23B_NA_sf1_S0_L001_R1_001.trim.fq.gz,42372972,6261509244
DTU_2021_1010098_1_MG_Nuuk_ID114_S2_StV23B_NA_sf1_S0_L001_R2_001.trim.fq.gz,42372972,5996820667
DTU_2021_1010099_1_MG_Nuuk_ID115_S2_StV23B_0_5_out1_S0_L001_R1_001.singletons.fq.gz,1839863,239406515
DTU_2021_1010099_1_MG_Nuuk_ID115_S2_StV23B_0_5_out1_S0_L001_R1_001.trim.fq.gz,42044710,6190101413
DTU_2021_1010099_1_MG_Nuuk_ID115_S2_StV23B_0_5_out1_S0_L001_R2_001.trim.fq.gz,42044710,6095256925
DTU_2021_1010100_1_MG_Nuuk_ID116_S2_StV23B_5_10_out2_S0_L001_R1_001.singletons.fq.gz,1998324,258821267
DTU_2021_1010100_1_MG_Nuuk_ID116_S2_StV23B_5_10_out2_S0_L001_R1_001.trim.fq.gz,41405570,6086465509
DTU_2021_1010100_1_MG_Nuuk_ID116_S2_StV23B_5_10_out2_S0_L001_R2_001.trim.fq.gz,41405570,5949995474
DTU_2021_1010101_1_MG_Nuuk_ID117_S2_StV23B_0_5_out3_S0_L001_R1_001.singletons.fq.gz,2370284,309999204
DTU_2021_1010101_1_MG_Nuuk_ID117_S2_StV23B_0_5_out3_S0_L001_R1_001.trim.fq.gz,56394820,8346905187
DTU_2021_1010101_1_MG_Nuuk_ID117_S2_StV23B_0_5_out3_S0_L001_R2_001.trim.fq.gz,56394820,8212762021
DTU_2021_1010102_1_MG_Nuuk_ID118_S2_StV23B_5_10_out4_S0_L001_R1_001.singletons.fq.gz,1785468,235879294
DTU_2021_1010102_1_MG_Nuuk_ID118_S2_StV23B_5_10_out4_S0_L001_R1_001.trim.fq.gz,41155053,6090634341
DTU_2021_1010102_1_MG_Nuuk_ID118_S2_StV23B_5_10_out4_S0_L001_R2_001.trim.fq.gz,41155053,5984305597
DTU_2021_1010103_1_MG_Nuuk_ID119_S2_StV23B_0_5_out5_S0_L001_R1_001.singletons.fq.gz,1969454,256587743
DTU_2021_1010103_1_MG_Nuuk_ID119_S2_StV23B_0_5_out5_S0_L001_R1_001.trim.fq.gz,51281323,7502694725
DTU_2021_1010103_1_MG_Nuuk_ID119_S2_StV23B_0_5_out5_S0_L001_R2_001.trim.fq.gz,51281323,7399052759
DTU_2021_1010104_1_MG_Nuuk_ID120_S2_StV23B_5_10_out6_S0_L001_R1_001.singletons.fq.gz,1500288,196642268
DTU_2021_1010104_1_MG_Nuuk_ID120_S2_StV23B_5_10_out6_S0_L001_R1_001.trim.fq.gz,47432001,7008796344
DTU_2021_1010104_1_MG_Nuuk_ID120_S2_StV23B_5_10_out6_S0_L001_R2_001.trim.fq.gz,47432001,6938316713
DTU_2021_1010105_1_MG_Nuuk_ID121_S2_StV23B_0_5_out7_S0_L001_R1_001.singletons.fq.gz,2155925,283317465
DTU_2021_1010105_1_MG_Nuuk_ID121_S2_StV23B_0_5_out7_S0_L001_R1_001.trim.fq.gz,43334717,6387565194
DTU_2021_1010105_1_MG_Nuuk_ID121_S2_StV23B_0_5_out7_S0_L001_R2_001.trim.fq.gz,43334717,6232583745
DTU_2021_1010106_1_MG_Nuuk_ID122_S2_StV23B_5_10_out8_S0_L001_R1_001.singletons.fq.gz,1900305,249855172
DTU_2021_1010106_1_MG_Nuuk_ID122_S2_StV23B_5_10_out8_S0_L001_R1_001.trim.fq.gz,41955243,6186302812
DTU_2021_1010106_1_MG_Nuuk_ID122_S2_StV23B_5_10_out8_S0_L001_R2_001.trim.fq.gz,41955243,6058563520
DTU_2021_1010107_1_MG_Nuuk_ID123_S2_StV23B_0_5_out9_S0_L001_R1_001.singletons.fq.gz,2046329,269309972
DTU_2021_1010107_1_MG_Nuuk_ID123_S2_StV23B_0_5_out9_S0_L001_R1_001.trim.fq.gz,42920863,6324912792
DTU_2021_1010107_1_MG_Nuuk_ID123_S2_StV23B_0_5_out9_S0_L001_R2_001.trim.fq.gz,42920863,6203677463
DTU_2021_1010108_1_MG_Nuuk_ID124_S2_StV23B_5_10_out10_S0_L001_R1_001.singletons.fq.gz,1830083,241754571
DTU_2021_1010108_1_MG_Nuuk_ID124_S2_StV23B_5_10_out10_S0_L001_R1_001.trim.fq.gz,43355326,6395267636
DTU_2021_1010108_1_MG_Nuuk_ID124_S2_StV23B_5_10_out10_S0_L001_R2_001.trim.fq.gz,43355326,6284248575
DTU_2021_1010109_1_MG_Nuuk_ID125_S3_StV24A_0_5_C1_S0_L001_R1_001.singletons.fq.gz,1434148,188471363
DTU_2021_1010109_1_MG_Nuuk_ID125_S3_StV24A_0_5_C1_S0_L001_R1_001.trim.fq.gz,41761340,6129236274
DTU_2021_1010109_1_MG_Nuuk_ID125_S3_StV24A_0_5_C1_S0_L001_R2_001.trim.fq.gz,41761340,6064623048
DTU_2021_1010110_1_MG_Nuuk_ID128_S3_StV24A_NA_C4_S0_L001_R1_001.singletons.fq.gz,2711076,353054636
DTU_2021_1010110_1_MG_Nuuk_ID128_S3_StV24A_NA_C4_S0_L001_R1_001.trim.fq.gz,72860666,10744686688
DTU_2021_1010110_1_MG_Nuuk_ID128_S3_StV24A_NA_C4_S0_L001_R2_001.trim.fq.gz,72860666,10625028033
DTU_2021_1010111_1_MG_Nuuk_ID129_S3_StV24A_0_5_inf1_S0_L001_R1_001.singletons.fq.gz,2909868,381674434
DTU_2021_1010111_1_MG_Nuuk_ID129_S3_StV24A_0_5_inf1_S0_L001_R1_001.trim.fq.gz,68179712,9971437200
DTU_2021_1010111_1_MG_Nuuk_ID129_S3_StV24A_0_5_inf1_S0_L001_R2_001.trim.fq.gz,68179712,9865412857
DTU_2021_1010112_1_MG_Nuuk_ID130_S3_StV24A_5_10_inf2_S0_L001_R1_001.singletons.fq.gz,4227181,549142897
DTU_2021_1010112_1_MG_Nuuk_ID130_S3_StV24A_5_10_inf2_S0_L001_R1_001.trim.fq.gz,119098625,17465159799
DTU_2021_1010112_1_MG_Nuuk_ID130_S3_StV24A_5_10_inf2_S0_L001_R2_001.trim.fq.gz,119098625,17353196156
DTU_2021_1010113_1_MG_Nuuk_ID131_S3_StV24A_0_5_inf3_S0_L001_R1_001.singletons.fq.gz,1920992,252880224
DTU_2021_1010113_1_MG_Nuuk_ID131_S3_StV24A_0_5_inf3_S0_L001_R1_001.trim.fq.gz,46203962,6840083770
DTU_2021_1010113_1_MG_Nuuk_ID131_S3_StV24A_0_5_inf3_S0_L001_R2_001.trim.fq.gz,46203962,6719576810
DTU_2021_1010114_1_MG_Nuuk_ID132_S3_StV24A_5_10_inf4_S0_L001_R1_001.singletons.fq.gz,1775471,232828359
DTU_2021_1010114_1_MG_Nuuk_ID132_S3_StV24A_5_10_inf4_S0_L001_R1_001.trim.fq.gz,43257940,6360921085
DTU_2021_1010114_1_MG_Nuuk_ID132_S3_StV24A_5_10_inf4_S0_L001_R2_001.trim.fq.gz,43257940,6243020516
DTU_2021_1010115_1_MG_Nuuk_ID133_S3_StV24A_0_5_inf5_S0_L001_R1_001.singletons.fq.gz,1781625,236150569
DTU_2021_1010115_1_MG_Nuuk_ID133_S3_StV24A_0_5_inf5_S0_L001_R1_001.trim.fq.gz,41273511,6111276721
DTU_2021_1010115_1_MG_Nuuk_ID133_S3_StV24A_0_5_inf5_S0_L001_R2_001.trim.fq.gz,41273511,5995914216
DTU_2021_1010116_1_MG_Nuuk_ID134_S3_StV24A_5_10_inf6_S0_L001_R1_001.singletons.fq.gz,2019628,266339655
DTU_2021_1010116_1_MG_Nuuk_ID134_S3_StV24A_5_10_inf6_S0_L001_R1_001.trim.fq.gz,43866496,6481899209
DTU_2021_1010116_1_MG_Nuuk_ID134_S3_StV24A_5_10_inf6_S0_L001_R2_001.trim.fq.gz,43866496,6338406491
DTU_2021_1010117_1_MG_Nuuk_ID135_S3_StV24A_0_5_inf7_S0_L001_R1_001.singletons.fq.gz,1745693,227986471
DTU_2021_1010117_1_MG_Nuuk_ID135_S3_StV24A_0_5_inf7_S0_L001_R1_001.trim.fq.gz,41475310,6107342364
DTU_2021_1010117_1_MG_Nuuk_ID135_S3_StV24A_0_5_inf7_S0_L001_R2_001.trim.fq.gz,41475310,6006393855
DTU_2021_1010118_1_MG_Nuuk_ID136_S3_StV24A_5_10_inf8_S0_L001_R1_001.singletons.fq.gz,1632970,213050994
DTU_2021_1010118_1_MG_Nuuk_ID136_S3_StV24A_5_10_inf8_S0_L001_R1_001.trim.fq.gz,40693555,5979930737
DTU_2021_1010118_1_MG_Nuuk_ID136_S3_StV24A_5_10_inf8_S0_L001_R2_001.trim.fq.gz,40693555,5906289035
DTU_2021_1010119_1_MG_Nuuk_ID137_S3_StV24A_0_5_inf9_S0_L001_R1_001.singletons.fq.gz,1946396,256611373
DTU_2021_1010119_1_MG_Nuuk_ID137_S3_StV24A_0_5_inf9_S0_L001_R1_001.trim.fq.gz,42027991,6192535759
DTU_2021_1010119_1_MG_Nuuk_ID137_S3_StV24A_0_5_inf9_S0_L001_R2_001.trim.fq.gz,42027991,6076349691
DTU_2021_1010120_1_MG_Nuuk_ID138_S3_StV24A_5_10_inf10_S0_L001_R1_001.singletons.fq.gz,2072908,273309098
DTU_2021_1010120_1_MG_Nuuk_ID138_S3_StV24A_5_10_inf10_S0_L001_R1_001.trim.fq.gz,59266609,8783426993
DTU_2021_1010120_1_MG_Nuuk_ID138_S3_StV24A_5_10_inf10_S0_L001_R2_001.trim.fq.gz,59266609,8673505411
DTU_2021_1010121_1_MG_Nuuk_ID139_S3_StV24A_NA_sf1_S0_L001_R1_001.singletons.fq.gz,1368706,176503877
DTU_2021_1010121_1_MG_Nuuk_ID139_S3_StV24A_NA_sf1_S0_L001_R1_001.trim.fq.gz,42225657,6077484637
DTU_2021_1010121_1_MG_Nuuk_ID139_S3_StV24A_NA_sf1_S0_L001_R2_001.trim.fq.gz,42225657,6028371051
DTU_2021_1010122_1_MG_Nuuk_ID140_S3_StV24A_0_5_out1_S0_L001_R1_001.singletons.fq.gz,1600490,210470214
DTU_2021_1010122_1_MG_Nuuk_ID140_S3_StV24A_0_5_out1_S0_L001_R1_001.trim.fq.gz,42010223,6180691192
DTU_2021_1010122_1_MG_Nuuk_ID140_S3_StV24A_0_5_out1_S0_L001_R2_001.trim.fq.gz,42010223,6085888643
DTU_2021_1010123_1_MG_Nuuk_ID141_S3_StV24A_5_10_out2_S0_L001_R1_001.singletons.fq.gz,1523458,199651553
DTU_2021_1010123_1_MG_Nuuk_ID141_S3_StV24A_5_10_out2_S0_L001_R1_001.trim.fq.gz,41849299,6157921305
DTU_2021_1010123_1_MG_Nuuk_ID141_S3_StV24A_5_10_out2_S0_L001_R2_001.trim.fq.gz,41849299,6080603102
DTU_2021_1010124_1_MG_Nuuk_ID142_S3_StV24A_0_5_out3_S0_L001_R1_001.singletons.fq.gz,1562328,202925739
DTU_2021_1010124_1_MG_Nuuk_ID142_S3_StV24A_0_5_out3_S0_L001_R1_001.trim.fq.gz,45443888,6573839530
DTU_2021_1010124_1_MG_Nuuk_ID142_S3_StV24A_0_5_out3_S0_L001_R2_001.trim.fq.gz,45443888,6514526802
DTU_2021_1010125_1_MG_Nuuk_ID143_S3_StV24A_5_10_out4_S0_L001_R1_001.singletons.fq.gz,1784175,232941098
DTU_2021_1010125_1_MG_Nuuk_ID143_S3_StV24A_5_10_out4_S0_L001_R1_001.trim.fq.gz,46915069,6839290417
DTU_2021_1010125_1_MG_Nuuk_ID143_S3_StV24A_5_10_out4_S0_L001_R2_001.trim.fq.gz,46915069,6761908744
DTU_2021_1010126_1_MG_Nuuk_ID144_S3_StV24A_0_5_out5_S0_L001_R1_001.singletons.fq.gz,1966191,257709306
DTU_2021_1010126_1_MG_Nuuk_ID144_S3_StV24A_0_5_out5_S0_L001_R1_001.trim.fq.gz,41803933,6176674533
DTU_2021_1010126_1_MG_Nuuk_ID144_S3_StV24A_0_5_out5_S0_L001_R2_001.trim.fq.gz,41803933,6065947576
DTU_2021_1010127_1_MG_Nuuk_ID145_S3_StV24A_5_10_out6_S0_L001_R1_001.singletons.fq.gz,1883649,248411695
DTU_2021_1010127_1_MG_Nuuk_ID145_S3_StV24A_5_10_out6_S0_L001_R1_001.trim.fq.gz,47645185,6967593155
DTU_2021_1010127_1_MG_Nuuk_ID145_S3_StV24A_5_10_out6_S0_L001_R2_001.trim.fq.gz,47645185,6850228011
DTU_2021_1010128_1_MG_Nuuk_ID146_S3_StV24A_0_5_out7_S0_L001_R1_001.singletons.fq.gz,1813013,238131403
DTU_2021_1010128_1_MG_Nuuk_ID146_S3_StV24A_0_5_out7_S0_L001_R1_001.trim.fq.gz,41875191,6191319839
DTU_2021_1010128_1_MG_Nuuk_ID146_S3_StV24A_0_5_out7_S0_L001_R2_001.trim.fq.gz,41875191,6079101720
DTU_2021_1010129_1_MG_Nuuk_ID147_S3_StV24A_5_10_out8_S0_L001_R1_001.singletons.fq.gz,1938356,258400497
DTU_2021_1010129_1_MG_Nuuk_ID147_S3_StV24A_5_10_out8_S0_L001_R1_001.trim.fq.gz,43494739,6442752113
DTU_2021_1010129_1_MG_Nuuk_ID147_S3_StV24A_5_10_out8_S0_L001_R2_001.trim.fq.gz,43494739,6314150696
DTU_2021_1010130_1_MG_Nuuk_ID148_S3_StV24A_0_5_out9_S0_L001_R1_001.singletons.fq.gz,1785547,237065262
DTU_2021_1010130_1_MG_Nuuk_ID148_S3_StV24A_0_5_out9_S0_L001_R1_001.trim.fq.gz,48197363,7118058694
DTU_2021_1010130_1_MG_Nuuk_ID148_S3_StV24A_0_5_out9_S0_L001_R2_001.trim.fq.gz,48197363,7033428804
DTU_2021_1010131_1_MG_Nuuk_ID149_S3_StV24A_5_10_out10_S0_L001_R1_001.singletons.fq.gz,2420644,319398767
DTU_2021_1010131_1_MG_Nuuk_ID149_S3_StV24A_5_10_out10_S0_L001_R1_001.trim.fq.gz,51583557,7573552256
DTU_2021_1010131_1_MG_Nuuk_ID149_S3_StV24A_5_10_out10_S0_L001_R2_001.trim.fq.gz,51583557,7407024555
DTU_2021_1010132_1_MG_Nuuk_ID150_S3_StV24A_8_1915_mid1_S0_L001_R1_001.singletons.fq.gz,1626934,212717718
DTU_2021_1010132_1_MG_Nuuk_ID150_S3_StV24A_8_1915_mid1_S0_L001_R1_001.trim.fq.gz,50862448,7451207165
DTU_2021_1010132_1_MG_Nuuk_ID150_S3_StV24A_8_1915_mid1_S0_L001_R2_001.trim.fq.gz,50862448,7384030881
DTU_2021_1010133_1_MG_Nuuk_ID151_S3_StV24A_8_1915_mid2_S0_L001_R1_001.singletons.fq.gz,1255822,161669504
DTU_2021_1010133_1_MG_Nuuk_ID151_S3_StV24A_8_1915_mid2_S0_L001_R1_001.trim.fq.gz,43125404,6111106262
DTU_2021_1010133_1_MG_Nuuk_ID151_S3_StV24A_8_1915_mid2_S0_L001_R2_001.trim.fq.gz,43125404,6080437160
DTU_2021_1010134_1_MG_Nuuk_ID152_S3_StV24A_8_1915_mid3_S0_L001_R1_001.singletons.fq.gz,1390325,179824215
DTU_2021_1010134_1_MG_Nuuk_ID152_S3_StV24A_8_1915_mid3_S0_L001_R1_001.trim.fq.gz,45182505,6452439172
DTU_2021_1010134_1_MG_Nuuk_ID152_S3_StV24A_8_1915_mid3_S0_L001_R2_001.trim.fq.gz,45182505,6399696360
DTU_2021_1010135_1_MG_Nuuk_ID153_S3_StV24A_19_4130_mid4_S0_L001_R1_001.singletons.fq.gz,1344629,175524974
DTU_2021_1010135_1_MG_Nuuk_ID153_S3_StV24A_19_4130_mid4_S0_L001_R1_001.trim.fq.gz,43689481,6296429316
DTU_2021_1010135_1_MG_Nuuk_ID153_S3_StV24A_19_4130_mid4_S0_L001_R2_001.trim.fq.gz,43689481,6252665071
DTU_2021_1010136_1_MG_Nuuk_ID154_S3_StV24A_19_4130_mid5_S0_L001_R1_001.singletons.fq.gz,1857819,244399573
DTU_2021_1010136_1_MG_Nuuk_ID154_S3_StV24A_19_4130_mid5_S0_L001_R1_001.trim.fq.gz,50671353,7433505346
DTU_2021_1010136_1_MG_Nuuk_ID154_S3_StV24A_19_4130_mid5_S0_L001_R2_001.trim.fq.gz,50671353,7417629333
DTU_2021_1010137_1_MG_Nuuk_ID155_S3_StV24A_19_4130_mid6_S0_L001_R1_001.singletons.fq.gz,1793441,237796477
DTU_2021_1010137_1_MG_Nuuk_ID155_S3_StV24A_19_4130_mid6_S0_L001_R1_001.trim.fq.gz,42857148,6277829778
DTU_2021_1010137_1_MG_Nuuk_ID155_S3_StV24A_19_4130_mid6_S0_L001_R2_001.trim.fq.gz,42857148,6183643234
DTU_2021_1010138_1_MG_Nuuk_ID156_S3_StV24A_41_5145_mid7_S0_L001_R1_001.singletons.fq.gz,1979169,259776665
DTU_2021_1010138_1_MG_Nuuk_ID156_S3_StV24A_41_5145_mid7_S0_L001_R1_001.trim.fq.gz,43961872,6445697295
DTU_2021_1010138_1_MG_Nuuk_ID156_S3_StV24A_41_5145_mid7_S0_L001_R2_001.trim.fq.gz,43961872,6324722209
DTU_2021_1010139_1_MG_Nuuk_ID157_S3_StV24A_41_5145_mid8_S0_L001_R1_001.singletons.fq.gz,1656497,218135616
DTU_2021_1010139_1_MG_Nuuk_ID157_S3_StV24A_41_5145_mid8_S0_L001_R1_001.trim.fq.gz,40978537,6021976568
DTU_2021_1010139_1_MG_Nuuk_ID157_S3_StV24A_41_5145_mid8_S0_L001_R2_001.trim.fq.gz,40978537,5947411648
DTU_2021_1010140_1_MG_Nuuk_ID158_S3_StV24A_51_5955_mid9_S0_L001_R1_001.singletons.fq.gz,1626214,214249615
DTU_2021_1010140_1_MG_Nuuk_ID158_S3_StV24A_51_5955_mid9_S0_L001_R1_001.trim.fq.gz,40746369,6029529280
DTU_2021_1010140_1_MG_Nuuk_ID158_S3_StV24A_51_5955_mid9_S0_L001_R2_001.trim.fq.gz,40746369,5948498331
DTU_2021_1010141_1_MG_Nuuk_ID159_S3_StV24A_51_5955_mid10_S0_L001_R1_001.singletons.fq.gz,1631648,214812292
DTU_2021_1010141_1_MG_Nuuk_ID159_S3_StV24A_51_5955_mid10_S0_L001_R1_001.trim.fq.gz,43129379,6349333986
DTU_2021_1010141_1_MG_Nuuk_ID159_S3_StV24A_51_5955_mid10_S0_L001_R2_001.trim.fq.gz,43129379,6273277524
DTU_2021_1010142_1_MG_Nuuk_ID160_S3_StV24A_51_5955_mid11_S0_L001_R1_001.singletons.fq.gz,1884158,252924960
DTU_2021_1010142_1_MG_Nuuk_ID160_S3_StV24A_51_5955_mid11_S0_L001_R1_001.trim.fq.gz,43669310,6440105628
DTU_2021_1010142_1_MG_Nuuk_ID160_S3_StV24A_51_5955_mid11_S0_L001_R2_001.trim.fq.gz,43669310,6355231554
DTU_2021_1010143_1_MG_Nuuk_ID161_S3_StV24A_51_5955_mid12_S0_L001_R1_001.singletons.fq.gz,1826284,240175115
DTU_2021_1010143_1_MG_Nuuk_ID161_S3_StV24A_51_5955_mid12_S0_L001_R1_001.trim.fq.gz,41414828,6121711588
DTU_2021_1010143_1_MG_Nuuk_ID161_S3_StV24A_51_5955_mid12_S0_L001_R2_001.trim.fq.gz,41414828,6021666833
DTU_2021_1010144_1_MG_Nuuk_ID162_S3_StV24A_59_6360_mid13_S0_L001_R1_001.singletons.fq.gz,1826083,241156428
DTU_2021_1010144_1_MG_Nuuk_ID162_S3_StV24A_59_6360_mid13_S0_L001_R1_001.trim.fq.gz,50795075,7528456471
DTU_2021_1010144_1_MG_Nuuk_ID162_S3_StV24A_59_6360_mid13_S0_L001_R2_001.trim.fq.gz,50795075,7446345890
DTU_2021_1010145_1_MG_Nuuk_ID163_S3_StV24A_59_6360_mid14_S0_L001_R1_001.singletons.fq.gz,1261216,167214826
DTU_2021_1010145_1_MG_Nuuk_ID163_S3_StV24A_59_6360_mid14_S0_L001_R1_001.trim.fq.gz,41816581,6157847744
DTU_2021_1010145_1_MG_Nuuk_ID163_S3_StV24A_59_6360_mid14_S0_L001_R2_001.trim.fq.gz,41816581,6124782037
DTU_2021_1010146_1_MG_Nuuk_ID164_S3_StV24A_59_6360_mid15_S0_L001_R1_001.singletons.fq.gz,1608866,211516860
DTU_2021_1010146_1_MG_Nuuk_ID164_S3_StV24A_59_6360_mid15_S0_L001_R1_001.trim.fq.gz,45177468,6679936414
DTU_2021_1010146_1_MG_Nuuk_ID164_S3_StV24A_59_6360_mid15_S0_L001_R2_001.trim.fq.gz,45177468,6606776656
DTU_2021_1010147_1_MG_Nuuk_ID165_S3_StV24A_63_7165_mid16_S0_L001_R1_001.singletons.fq.gz,2672739,351222880
DTU_2021_1010147_1_MG_Nuuk_ID165_S3_StV24A_63_7165_mid16_S0_L001_R1_001.trim.fq.gz,65628956,9641295073
DTU_2021_1010147_1_MG_Nuuk_ID165_S3_StV24A_63_7165_mid16_S0_L001_R2_001.trim.fq.gz,65628956,9589094383
DTU_2021_1010148_1_MG_Nuuk_ID166_S3_StV24A_63_7165_mid17_S0_L001_R1_001.singletons.fq.gz,1471545,193061241
DTU_2021_1010148_1_MG_Nuuk_ID166_S3_StV24A_63_7165_mid17_S0_L001_R1_001.trim.fq.gz,40985537,6036264918
DTU_2021_1010148_1_MG_Nuuk_ID166_S3_StV24A_63_7165_mid17_S0_L001_R2_001.trim.fq.gz,40985537,5991749773
DTU_2021_1010149_1_MG_Nuuk_ID167_S3_StV24A_63_7165_mid18_S0_L001_R1_001.singletons.fq.gz,1576058,208968201
DTU_2021_1010149_1_MG_Nuuk_ID167_S3_StV24A_63_7165_mid18_S0_L001_R1_001.trim.fq.gz,42317756,6232692622
DTU_2021_1010149_1_MG_Nuuk_ID167_S3_StV24A_63_7165_mid18_S0_L001_R2_001.trim.fq.gz,42317756,6159307106
DTU_2021_1010150_1_MG_Nuuk_ID168_S3_StV24A_72_mid19_S0_L001_R1_001.singletons.fq.gz,1603720,210891655
DTU_2021_1010150_1_MG_Nuuk_ID168_S3_StV24A_72_mid19_S0_L001_R1_001.trim.fq.gz,40865284,6014279565
DTU_2021_1010150_1_MG_Nuuk_ID168_S3_StV24A_72_mid19_S0_L001_R2_001.trim.fq.gz,40865284,5914827686
DTU_2021_1010151_1_MG_Nuuk_ID169_S3_StV24A_72_mid20_S0_L001_R1_001.singletons.fq.gz,1925733,257124564
DTU_2021_1010151_1_MG_Nuuk_ID169_S3_StV24A_72_mid20_S0_L001_R1_001.trim.fq.gz,43577866,6437340051
DTU_2021_1010151_1_MG_Nuuk_ID169_S3_StV24A_72_mid20_S0_L001_R2_001.trim.fq.gz,43577866,6321783668
DTU_2021_1010152_1_MG_Nuuk_ID170_S3_StV24A_72_mid21_S0_L001_R1_001.singletons.fq.gz,1833735,241313803
DTU_2021_1010152_1_MG_Nuuk_ID170_S3_StV24A_72_mid21_S0_L001_R1_001.trim.fq.gz,43385875,6410093070
DTU_2021_1010152_1_MG_Nuuk_ID170_S3_StV24A_72_mid21_S0_L001_R2_001.trim.fq.gz,43385875,6281181591
DTU_2021_1010153_1_MG_Nuuk_ID171_S5_StNuuk_11_mid1_S0_L001_R1_001.singletons.fq.gz,1995930,267763779
DTU_2021_1010153_1_MG_Nuuk_ID171_S5_StNuuk_11_mid1_S0_L001_R1_001.trim.fq.gz,43419949,6378034762
DTU_2021_1010153_1_MG_Nuuk_ID171_S5_StNuuk_11_mid1_S0_L001_R2_001.trim.fq.gz,43419949,6281781696
DTU_2021_1010154_1_MG_Nuuk_ID172_S5_StNuuk_11_mid2_S0_L001_R1_001.singletons.fq.gz,2046590,265657948
DTU_2021_1010154_1_MG_Nuuk_ID172_S5_StNuuk_11_mid2_S0_L001_R1_001.trim.fq.gz,60502378,8823067992
DTU_2021_1010154_1_MG_Nuuk_ID172_S5_StNuuk_11_mid2_S0_L001_R2_001.trim.fq.gz,60502378,8787555678
DTU_2021_1010155_1_MG_Nuuk_ID173_S5_StNuuk_11_mid3_S0_L001_R1_001.singletons.fq.gz,2108640,277634423
DTU_2021_1010155_1_MG_Nuuk_ID173_S5_StNuuk_11_mid3_S0_L001_R1_001.trim.fq.gz,53053095,7763400346
DTU_2021_1010155_1_MG_Nuuk_ID173_S5_StNuuk_11_mid3_S0_L001_R2_001.trim.fq.gz,53053095,7657432429
DTU_2021_1010156_1_MG_Nuuk_ID174_S5_StNuuk_20_mid4_S0_L001_R1_001.singletons.fq.gz,1122195,148596405
DTU_2021_1010156_1_MG_Nuuk_ID174_S5_StNuuk_20_mid4_S0_L001_R1_001.trim.fq.gz,43536109,6364087403
DTU_2021_1010156_1_MG_Nuuk_ID174_S5_StNuuk_20_mid4_S0_L001_R2_001.trim.fq.gz,43536109,6342520358
DTU_2021_1010157_1_MG_Nuuk_ID175_S5_StNuuk_20_mid5_S0_L001_R1_001.singletons.fq.gz,2273094,297301686
DTU_2021_1010157_1_MG_Nuuk_ID175_S5_StNuuk_20_mid5_S0_L001_R1_001.trim.fq.gz,54957369,8030834841
DTU_2021_1010157_1_MG_Nuuk_ID175_S5_StNuuk_20_mid5_S0_L001_R2_001.trim.fq.gz,54957369,7988170993
DTU_2021_1010158_1_MG_Nuuk_ID176_S5_StNuuk_20_mid6_S0_L001_R1_001.singletons.fq.gz,1456201,191632894
DTU_2021_1010158_1_MG_Nuuk_ID176_S5_StNuuk_20_mid6_S0_L001_R1_001.trim.fq.gz,41891892,6146905754
DTU_2021_1010158_1_MG_Nuuk_ID176_S5_StNuuk_20_mid6_S0_L001_R2_001.trim.fq.gz,41891892,6081704632
DTU_2021_1010159_1_MG_Nuuk_ID177_S5_StNuuk_30_mid7_S0_L001_R1_001.singletons.fq.gz,1723023,227725480
DTU_2021_1010159_1_MG_Nuuk_ID177_S5_StNuuk_30_mid7_S0_L001_R1_001.trim.fq.gz,43944875,6474453840
DTU_2021_1010159_1_MG_Nuuk_ID177_S5_StNuuk_30_mid7_S0_L001_R2_001.trim.fq.gz,43944875,6383861227
DTU_2021_1010160_1_MG_Nuuk_ID178_S5_StNuuk_30_mid8_S0_L001_R1_001.singletons.fq.gz,1774854,234972992
DTU_2021_1010160_1_MG_Nuuk_ID178_S5_StNuuk_30_mid8_S0_L001_R1_001.trim.fq.gz,56779407,8278716659
DTU_2021_1010160_1_MG_Nuuk_ID178_S5_StNuuk_30_mid8_S0_L001_R2_001.trim.fq.gz,56779407,8209635921
DTU_2021_1010161_1_MG_Nuuk_ID179_S5_StNuuk_30_mid9_S0_L001_R1_001.singletons.fq.gz,1752958,231205307
DTU_2021_1010161_1_MG_Nuuk_ID179_S5_StNuuk_30_mid9_S0_L001_R1_001.trim.fq.gz,42961324,6328409392
DTU_2021_1010161_1_MG_Nuuk_ID179_S5_StNuuk_30_mid9_S0_L001_R2_001.trim.fq.gz,42961324,6224534369
DTU_2021_1010162_1_MG_Nuuk_ID180_S5_StNuuk_40_mid10_S0_L001_R1_001.singletons.fq.gz,1853028,243938871
DTU_2021_1010162_1_MG_Nuuk_ID180_S5_StNuuk_40_mid10_S0_L001_R1_001.trim.fq.gz,47455803,7013119031
DTU_2021_1010162_1_MG_Nuuk_ID180_S5_StNuuk_40_mid10_S0_L001_R2_001.trim.fq.gz,47455803,6909249815
DTU_2021_1010163_1_MG_Nuuk_ID181_S5_StNuuk_40_mid11_S0_L001_R1_001.singletons.fq.gz,2038957,269662032
DTU_2021_1010163_1_MG_Nuuk_ID181_S5_StNuuk_40_mid11_S0_L001_R1_001.trim.fq.gz,43526388,6422565077
DTU_2021_1010163_1_MG_Nuuk_ID181_S5_StNuuk_40_mid11_S0_L001_R2_001.trim.fq.gz,43526388,6290927735
DTU_2021_1010164_1_MG_Nuuk_ID182_S5_StNuuk_40_mid12_S0_L001_R1_001.singletons.fq.gz,2694718,351675671
DTU_2021_1010164_1_MG_Nuuk_ID182_S5_StNuuk_40_mid12_S0_L001_R1_001.trim.fq.gz,46193829,6777255316
DTU_2021_1010164_1_MG_Nuuk_ID182_S5_StNuuk_40_mid12_S0_L001_R2_001.trim.fq.gz,46193829,6597441086
DTU_2021_1010165_1_MG_Nuuk_ID183_S5_StNuuk_50_mid13_S0_L001_R1_001.singletons.fq.gz,1557437,204354673
DTU_2021_1010165_1_MG_Nuuk_ID183_S5_StNuuk_50_mid13_S0_L001_R1_001.trim.fq.gz,43893281,6454762790
DTU_2021_1010165_1_MG_Nuuk_ID183_S5_StNuuk_50_mid13_S0_L001_R2_001.trim.fq.gz,43893281,6377474113
DTU_2021_1010166_1_MG_Nuuk_ID184_S5_StNuuk_50_mid14_S0_L001_R1_001.singletons.fq.gz,1901597,251853023
DTU_2021_1010166_1_MG_Nuuk_ID184_S5_StNuuk_50_mid14_S0_L001_R1_001.trim.fq.gz,43895588,6470045633
DTU_2021_1010166_1_MG_Nuuk_ID184_S5_StNuuk_50_mid14_S0_L001_R2_001.trim.fq.gz,43895588,6349200489
DTU_2021_1010167_1_MG_Nuuk_ID185_S5_StNuuk_50_mid15_S0_L001_R1_001.singletons.fq.gz,1739652,228919528
DTU_2021_1010167_1_MG_Nuuk_ID185_S5_StNuuk_50_mid15_S0_L001_R1_001.trim.fq.gz,43376144,6390556269
DTU_2021_1010167_1_MG_Nuuk_ID185_S5_StNuuk_50_mid15_S0_L001_R2_001.trim.fq.gz,43376144,6301795725
DTU_2021_1010168_1_MG_Nuuk_ID186_S5_StNuuk_60_mid16_S0_L001_R1_001.singletons.fq.gz,1168278,150619620
DTU_2021_1010168_1_MG_Nuuk_ID186_S5_StNuuk_60_mid16_S0_L001_R1_001.trim.fq.gz,39234466,5645908477
DTU_2021_1010168_1_MG_Nuuk_ID186_S5_StNuuk_60_mid16_S0_L001_R2_001.trim.fq.gz,39234466,5604499192
DTU_2021_1010169_1_MG_Nuuk_ID187_S5_StNuuk_60_mid17_S0_L001_R1_001.singletons.fq.gz,1790213,234099409
DTU_2021_1010169_1_MG_Nuuk_ID187_S5_StNuuk_60_mid17_S0_L001_R1_001.trim.fq.gz,44157162,6373364060
DTU_2021_1010169_1_MG_Nuuk_ID187_S5_StNuuk_60_mid17_S0_L001_R2_001.trim.fq.gz,44157162,6277355398
DTU_2021_1010170_1_MG_Nuuk_ID188_S5_StNuuk_60_mid18_S0_L001_R1_001.singletons.fq.gz,1602137,209259421
DTU_2021_1010170_1_MG_Nuuk_ID188_S5_StNuuk_60_mid18_S0_L001_R1_001.trim.fq.gz,44256406,6467200991
DTU_2021_1010170_1_MG_Nuuk_ID188_S5_StNuuk_60_mid18_S0_L001_R2_001.trim.fq.gz,44256406,6383328877
DTU_2021_1010171_1_MG_Nuuk_ID189_S5_StNuuk_70_mid19_S0_L001_R1_001.singletons.fq.gz,1422728,187696839
DTU_2021_1010171_1_MG_Nuuk_ID189_S5_StNuuk_70_mid19_S0_L001_R1_001.trim.fq.gz,44312532,6516232799
DTU_2021_1010171_1_MG_Nuuk_ID189_S5_StNuuk_70_mid19_S0_L001_R2_001.trim.fq.gz,44312532,6456890115
DTU_2021_1010172_1_MG_Nuuk_ID190_S5_StNuuk_70_mid20_S0_L001_R1_001.singletons.fq.gz,1565992,204081304
DTU_2021_1010172_1_MG_Nuuk_ID190_S5_StNuuk_70_mid20_S0_L001_R1_001.trim.fq.gz,42180770,6003387945
DTU_2021_1010172_1_MG_Nuuk_ID190_S5_StNuuk_70_mid20_S0_L001_R2_001.trim.fq.gz,42180770,5942070001
DTU_2021_1010173_1_MG_Nuuk_ID191_S5_StNuuk_70_mid21_S0_L001_R1_001.singletons.fq.gz,2079080,271659700
DTU_2021_1010173_1_MG_Nuuk_ID191_S5_StNuuk_70_mid21_S0_L001_R1_001.trim.fq.gz,41128522,6012855495
DTU_2021_1010173_1_MG_Nuuk_ID191_S5_StNuuk_70_mid21_S0_L001_R2_001.trim.fq.gz,41128522,5894877411
DTU_2021_1010174_1_MG_Nuuk_ID192_S5_StNuuk_41_mid22_S0_L001_R1_001.singletons.fq.gz,1683006,224034628
DTU_2021_1010174_1_MG_Nuuk_ID192_S5_StNuuk_41_mid22_S0_L001_R1_001.trim.fq.gz,41734745,6174943834
DTU_2021_1010174_1_MG_Nuuk_ID192_S5_StNuuk_41_mid22_S0_L001_R2_001.trim.fq.gz,41734745,6086395584
DTU_2021_1010175_1_MG_Nuuk_ID193_S5_StNuuk_41_mid23_S0_L001_R1_001.singletons.fq.gz,1916749,252655723
DTU_2021_1010175_1_MG_Nuuk_ID193_S5_StNuuk_41_mid23_S0_L001_R1_001.trim.fq.gz,47268680,6987177683
DTU_2021_1010175_1_MG_Nuuk_ID193_S5_StNuuk_41_mid23_S0_L001_R2_001.trim.fq.gz,47268680,6875253082
DTU_2021_1010176_1_MG_Nuuk_ID194_S5_StNuuk_46_mid24_S0_L001_R1_001.singletons.fq.gz,1600922,208506494
DTU_2021_1010176_1_MG_Nuuk_ID194_S5_StNuuk_46_mid24_S0_L001_R1_001.trim.fq.gz,41648407,6116716585
DTU_2021_1010176_1_MG_Nuuk_ID194_S5_StNuuk_46_mid24_S0_L001_R2_001.trim.fq.gz,41648407,6058648303
DTU_2021_1010177_1_MG_Nuuk_ID195_S5_StNuuk_46_mid25_S0_L001_R1_001.singletons.fq.gz,1778305,231647430
DTU_2021_1010177_1_MG_Nuuk_ID195_S5_StNuuk_46_mid25_S0_L001_R1_001.trim.fq.gz,41493920,6078310499
DTU_2021_1010177_1_MG_Nuuk_ID195_S5_StNuuk_46_mid25_S0_L001_R2_001.trim.fq.gz,41493920,5999701538
DTU_2021_1010178_1_MG_Nuuk_ID196_S5_StNuuk_44_mid26_S0_L001_R1_001.singletons.fq.gz,1846610,243828668
DTU_2021_1010178_1_MG_Nuuk_ID196_S5_StNuuk_44_mid26_S0_L001_R1_001.trim.fq.gz,41297209,6100237735
DTU_2021_1010178_1_MG_Nuuk_ID196_S5_StNuuk_44_mid26_S0_L001_R2_001.trim.fq.gz,41297209,5982311073
DTU_2021_1010179_1_MG_Nuuk_ID197_S5_StNuuk_11_C1_S0_L001_R1_001.singletons.fq.gz,1672235,221265369
DTU_2021_1010179_1_MG_Nuuk_ID197_S5_StNuuk_11_C1_S0_L001_R1_001.trim.fq.gz,43869486,6476250173
DTU_2021_1010179_1_MG_Nuuk_ID197_S5_StNuuk_11_C1_S0_L001_R2_001.trim.fq.gz,43869486,6396476226
DTU_2021_1010180_1_MG_Nuuk_ID200_S5_StNuuk__C4_S0_L001_R1_001.singletons.fq.gz,1946013,249355106
DTU_2021_1010180_1_MG_Nuuk_ID200_S5_StNuuk__C4_S0_L001_R1_001.trim.fq.gz,43974323,6430452696
DTU_2021_1010180_1_MG_Nuuk_ID200_S5_StNuuk__C4_S0_L001_R2_001.trim.fq.gz,43974323,6307353461
DTU_2021_1010181_1_MG_Nuuk_ID201_S4_StV26A_0_5_C1_S0_L001_R1_001.singletons.fq.gz,2150294,280669188
DTU_2021_1010181_1_MG_Nuuk_ID201_S4_StV26A_0_5_C1_S0_L001_R1_001.trim.fq.gz,42836464,6305914385
DTU_2021_1010181_1_MG_Nuuk_ID201_S4_StV26A_0_5_C1_S0_L001_R2_001.trim.fq.gz,42836464,6162399500
DTU_2021_1010182_1_MG_Nuuk_ID205_S4_StV26A_0_5_inf1_S0_L001_R1_001.singletons.fq.gz,1979293,258829418
DTU_2021_1010182_1_MG_Nuuk_ID205_S4_StV26A_0_5_inf1_S0_L001_R1_001.trim.fq.gz,44289779,6550558077
DTU_2021_1010182_1_MG_Nuuk_ID205_S4_StV26A_0_5_inf1_S0_L001_R2_001.trim.fq.gz,44289779,6433461965
DTU_2021_1010183_1_MG_Nuuk_ID206_S4_StV26A_5_10_inf2_S0_L001_R1_001.singletons.fq.gz,1500997,196816427
DTU_2021_1010183_1_MG_Nuuk_ID206_S4_StV26A_5_10_inf2_S0_L001_R1_001.trim.fq.gz,41339463,6111524937
DTU_2021_1010183_1_MG_Nuuk_ID206_S4_StV26A_5_10_inf2_S0_L001_R2_001.trim.fq.gz,41339463,6036744259
DTU_2021_1010184_1_MG_Nuuk_ID207_S4_StV26A_0_5_inf3_S0_L001_R1_001.singletons.fq.gz,1711855,225848962
DTU_2021_1010184_1_MG_Nuuk_ID207_S4_StV26A_0_5_inf3_S0_L001_R1_001.trim.fq.gz,46958105,6946900502
DTU_2021_1010184_1_MG_Nuuk_ID207_S4_StV26A_0_5_inf3_S0_L001_R2_001.trim.fq.gz,46958105,6872914946
DTU_2021_1010185_1_MG_Nuuk_ID208_S4_StV26A_5_10_inf4_S0_L001_R1_001.singletons.fq.gz,1726590,227242635
DTU_2021_1010185_1_MG_Nuuk_ID208_S4_StV26A_5_10_inf4_S0_L001_R1_001.trim.fq.gz,41018747,6065120111
DTU_2021_1010185_1_MG_Nuuk_ID208_S4_StV26A_5_10_inf4_S0_L001_R2_001.trim.fq.gz,41018747,5964781110
DTU_2021_1010186_1_MG_Nuuk_ID209_S4_StV26A_0_5_inf5_S0_L001_R1_001.singletons.fq.gz,1879673,245003493
DTU_2021_1010186_1_MG_Nuuk_ID209_S4_StV26A_0_5_inf5_S0_L001_R1_001.trim.fq.gz,41725313,6137169097
DTU_2021_1010186_1_MG_Nuuk_ID209_S4_StV26A_0_5_inf5_S0_L001_R2_001.trim.fq.gz,41725313,6035192620
DTU_2021_1010187_1_MG_Nuuk_ID210_S4_StV26A_5_10_inf6_S0_L001_R1_001.singletons.fq.gz,2515146,328417237
DTU_2021_1010187_1_MG_Nuuk_ID210_S4_StV26A_5_10_inf6_S0_L001_R1_001.trim.fq.gz,48607201,7134560445
DTU_2021_1010187_1_MG_Nuuk_ID210_S4_StV26A_5_10_inf6_S0_L001_R2_001.trim.fq.gz,48607201,6961695430
DTU_2021_1010188_1_MG_Nuuk_ID211_S4_StV26A_0_5_inf7_S0_L001_R1_001.singletons.fq.gz,2947553,378554309
DTU_2021_1010188_1_MG_Nuuk_ID211_S4_StV26A_0_5_inf7_S0_L001_R1_001.trim.fq.gz,51135363,7509385731
DTU_2021_1010188_1_MG_Nuuk_ID211_S4_StV26A_0_5_inf7_S0_L001_R2_001.trim.fq.gz,51135363,7322078974
DTU_2021_1010189_1_MG_Nuuk_ID212_S4_StV26A_5_10_inf8_S0_L001_R1_001.singletons.fq.gz,1867040,248618080
DTU_2021_1010189_1_MG_Nuuk_ID212_S4_StV26A_5_10_inf8_S0_L001_R1_001.trim.fq.gz,53143446,7865156319
DTU_2021_1010189_1_MG_Nuuk_ID212_S4_StV26A_5_10_inf8_S0_L001_R2_001.trim.fq.gz,53143446,7793988656
DTU_2021_1010190_1_MG_Nuuk_ID213_S4_StV26A_0_5_inf9_S0_L001_R1_001.singletons.fq.gz,2094294,274927028
DTU_2021_1010190_1_MG_Nuuk_ID213_S4_StV26A_0_5_inf9_S0_L001_R1_001.trim.fq.gz,40896829,6026483477
DTU_2021_1010190_1_MG_Nuuk_ID213_S4_StV26A_0_5_inf9_S0_L001_R2_001.trim.fq.gz,40896829,5881065203
DTU_2021_1010191_1_MG_Nuuk_ID214_S4_StV26A_5_10_inf10_S0_L001_R1_001.singletons.fq.gz,1518631,200188845
DTU_2021_1010191_1_MG_Nuuk_ID214_S4_StV26A_5_10_inf10_S0_L001_R1_001.trim.fq.gz,41761191,6156194607
DTU_2021_1010191_1_MG_Nuuk_ID214_S4_StV26A_5_10_inf10_S0_L001_R2_001.trim.fq.gz,41761191,6094960119
DTU_2021_1010192_1_MG_Nuuk_ID215_S4_StV26A_0_5_inf11_S0_L001_R1_001.singletons.fq.gz,2108320,274367585
DTU_2021_1010192_1_MG_Nuuk_ID215_S4_StV26A_0_5_inf11_S0_L001_R1_001.trim.fq.gz,51597426,7617312522
DTU_2021_1010192_1_MG_Nuuk_ID215_S4_StV26A_0_5_inf11_S0_L001_R2_001.trim.fq.gz,51597426,7514978600
DTU_2021_1010193_1_MG_Nuuk_ID216_S4_StV26A_5_10_inf12_S0_L001_R1_001.singletons.fq.gz,1990779,260733392
DTU_2021_1010193_1_MG_Nuuk_ID216_S4_StV26A_5_10_inf12_S0_L001_R1_001.trim.fq.gz,48091004,7102670418
DTU_2021_1010193_1_MG_Nuuk_ID216_S4_StV26A_5_10_inf12_S0_L001_R2_001.trim.fq.gz,48091004,7000582065
DTU_2021_1010194_1_MG_Nuuk_ID217_S4_StV26A_0_5_inf13_S0_L001_R1_001.singletons.fq.gz,2744064,358794527
DTU_2021_1010194_1_MG_Nuuk_ID217_S4_StV26A_0_5_inf13_S0_L001_R1_001.trim.fq.gz,59472947,8778397700
DTU_2021_1010194_1_MG_Nuuk_ID217_S4_StV26A_0_5_inf13_S0_L001_R2_001.trim.fq.gz,59472947,8624996217
DTU_2021_1010195_1_MG_Nuuk_ID218_S4_StV26A_5_10_inf14_S0_L001_R1_001.singletons.fq.gz,2382389,310331793
DTU_2021_1010195_1_MG_Nuuk_ID218_S4_StV26A_5_10_inf14_S0_L001_R1_001.trim.fq.gz,61847761,9138796588
DTU_2021_1010195_1_MG_Nuuk_ID218_S4_StV26A_5_10_inf14_S0_L001_R2_001.trim.fq.gz,61847761,9028020128
DTU_2021_1010196_1_MG_Nuuk_ID219_S4_StV26A_0_5_inf15_S0_L001_R1_001.singletons.fq.gz,2413052,315843843
DTU_2021_1010196_1_MG_Nuuk_ID219_S4_StV26A_0_5_inf15_S0_L001_R1_001.trim.fq.gz,55012425,8125929127
DTU_2021_1010196_1_MG_Nuuk_ID219_S4_StV26A_0_5_inf15_S0_L001_R2_001.trim.fq.gz,55012425,7978403627
DTU_2021_1010197_1_MG_Nuuk_ID220_S4_StV26A_5_10_inf16_S0_L001_R1_001.singletons.fq.gz,2232305,290971304
DTU_2021_1010197_1_MG_Nuuk_ID220_S4_StV26A_5_10_inf16_S0_L001_R1_001.trim.fq.gz,59780206,8835153420
DTU_2021_1010197_1_MG_Nuuk_ID220_S4_StV26A_5_10_inf16_S0_L001_R2_001.trim.fq.gz,59780206,8722777342
DTU_2021_1010198_1_MG_Nuuk_ID221_S4_StV26A_0_5_inf17_S0_L001_R1_001.singletons.fq.gz,2002629,262545922
DTU_2021_1010198_1_MG_Nuuk_ID221_S4_StV26A_0_5_inf17_S0_L001_R1_001.trim.fq.gz,50999007,7522691291
DTU_2021_1010198_1_MG_Nuuk_ID221_S4_StV26A_0_5_inf17_S0_L001_R2_001.trim.fq.gz,50999007,7455918104
DTU_2021_1010199_1_MG_Nuuk_ID222_S4_StV26A_5_10_inf18_S0_L001_R1_001.singletons.fq.gz,2053552,269656215
DTU_2021_1010199_1_MG_Nuuk_ID222_S4_StV26A_5_10_inf18_S0_L001_R1_001.trim.fq.gz,54528155,8050573744
DTU_2021_1010199_1_MG_Nuuk_ID222_S4_StV26A_5_10_inf18_S0_L001_R2_001.trim.fq.gz,54528155,7965007087
DTU_2021_1010200_1_MG_Nuuk_ID223_S4_StV26A_0_5_inf19_S0_L001_R1_001.singletons.fq.gz,2416573,315226604
DTU_2021_1010200_1_MG_Nuuk_ID223_S4_StV26A_0_5_inf19_S0_L001_R1_001.trim.fq.gz,64273903,9495345903
DTU_2021_1010200_1_MG_Nuuk_ID223_S4_StV26A_0_5_inf19_S0_L001_R2_001.trim.fq.gz,64273903,9396731378
DTU_2021_1010201_1_MG_Nuuk_ID224_S4_StV26A_5_10_inf20_S0_L001_R1_001.singletons.fq.gz,1823528,240161209
DTU_2021_1010201_1_MG_Nuuk_ID224_S4_StV26A_5_10_inf20_S0_L001_R1_001.trim.fq.gz,46164935,6811198594
DTU_2021_1010201_1_MG_Nuuk_ID224_S4_StV26A_5_10_inf20_S0_L001_R2_001.trim.fq.gz,46164935,6709528016
DTU_2021_1010202_1_MG_Ser_ID436_C1_S0_L001_R1_001.singletons.fq.gz,1851069,239897032
DTU_2021_1010202_1_MG_Ser_ID436_C1_S0_L001_R1_001.trim.fq.gz,50254252,7404876662
DTU_2021_1010202_1_MG_Ser_ID436_C1_S0_L001_R2_001.trim.fq.gz,50254252,7280637341
DTU_2021_1010203_1_MG_Ser_ID437_C2_S0_L001_R1_001.singletons.fq.gz,3244506,429174851
DTU_2021_1010203_1_MG_Ser_ID437_C2_S0_L001_R1_001.trim.fq.gz,69952836,10378946082
DTU_2021_1010203_1_MG_Ser_ID437_C2_S0_L001_R2_001.trim.fq.gz,69952836,10063101421
DTU_2021_1010204_1_MG_Ser_ID438_30_Mar1_S0_L001_R1_001.singletons.fq.gz,2492359,324345865
DTU_2021_1010204_1_MG_Ser_ID438_30_Mar1_S0_L001_R1_001.trim.fq.gz,59861671,8856758464
DTU_2021_1010204_1_MG_Ser_ID438_30_Mar1_S0_L001_R2_001.trim.fq.gz,59861671,8633647879
DTU_2021_1010205_1_MG_Ser_ID439_30_Mar2_S0_L001_R1_001.singletons.fq.gz,1688917,219248891
DTU_2021_1010205_1_MG_Ser_ID439_30_Mar2_S0_L001_R1_001.trim.fq.gz,41123737,6048112799
DTU_2021_1010205_1_MG_Ser_ID439_30_Mar2_S0_L001_R2_001.trim.fq.gz,41123737,5905722711
DTU_2021_1010206_1_MG_Ser_ID441_30_Mar4_S0_L001_R1_001.singletons.fq.gz,1769344,225847027
DTU_2021_1010206_1_MG_Ser_ID441_30_Mar4_S0_L001_R1_001.trim.fq.gz,47228527,6938873673
DTU_2021_1010206_1_MG_Ser_ID441_30_Mar4_S0_L001_R2_001.trim.fq.gz,47228527,6780362757
DTU_2021_1010207_1_MG_Ser_ID442_15_Bea1_S0_L001_R1_001.singletons.fq.gz,1365065,179473576
DTU_2021_1010207_1_MG_Ser_ID442_15_Bea1_S0_L001_R1_001.trim.fq.gz,42669212,6276088700
DTU_2021_1010207_1_MG_Ser_ID442_15_Bea1_S0_L001_R2_001.trim.fq.gz,42669212,6257477305
DTU_2021_1010208_1_MG_Ser_ID443_15_Bea2_S0_L001_R1_001.singletons.fq.gz,1147095,147043965
DTU_2021_1010208_1_MG_Ser_ID443_15_Bea2_S0_L001_R1_001.trim.fq.gz,43565336,6401493837
DTU_2021_1010208_1_MG_Ser_ID443_15_Bea2_S0_L001_R2_001.trim.fq.gz,43565336,6401552803
DTU_2021_1010209_1_MG_Ser_ID446_0_5_Sed1_S0_L001_R1_001.singletons.fq.gz,1394908,183467508
DTU_2021_1010209_1_MG_Ser_ID446_0_5_Sed1_S0_L001_R1_001.trim.fq.gz,43244752,6383756507
DTU_2021_1010209_1_MG_Ser_ID446_0_5_Sed1_S0_L001_R2_001.trim.fq.gz,43244752,6332501066
DTU_2021_1010210_1_MG_Ser_ID447_0_5_Sed2_S0_L001_R1_001.singletons.fq.gz,2185856,285576093
DTU_2021_1010210_1_MG_Ser_ID447_0_5_Sed2_S0_L001_R1_001.trim.fq.gz,65597685,9705294679
DTU_2021_1010210_1_MG_Ser_ID447_0_5_Sed2_S0_L001_R2_001.trim.fq.gz,65597685,9562049253
DTU_2021_1010211_1_MG_Ser_ID449_0_5_Sed4_S0_L001_R1_001.singletons.fq.gz,1607088,214407495
DTU_2021_1010211_1_MG_Ser_ID449_0_5_Sed4_S0_L001_R1_001.trim.fq.gz,41541389,6135523842
DTU_2021_1010211_1_MG_Ser_ID449_0_5_Sed4_S0_L001_R2_001.trim.fq.gz,41541389,6064967876
DTU_2021_1010212_1_MG_Ser_ID450_0_5_Sed5_S0_L001_R1_001.singletons.fq.gz,1522899,197849028
DTU_2021_1010212_1_MG_Ser_ID450_0_5_Sed5_S0_L001_R1_001.trim.fq.gz,50726480,7466520228
DTU_2021_1010212_1_MG_Ser_ID450_0_5_Sed5_S0_L001_R2_001.trim.fq.gz,50726480,7455047154
DTU_2021_1010213_1_MG_Ser_ID451_0_5_Sed6_S0_L001_R1_001.singletons.fq.gz,1464226,189980439
DTU_2021_1010213_1_MG_Ser_ID451_0_5_Sed6_S0_L001_R1_001.trim.fq.gz,43075494,6344186379
DTU_2021_1010213_1_MG_Ser_ID451_0_5_Sed6_S0_L001_R2_001.trim.fq.gz,43075494,6284666893
DTU_2021_1010214_1_MG_Ser_ID452_0_5_Sed7_S0_L001_R1_001.singletons.fq.gz,1652424,218441672
DTU_2021_1010214_1_MG_Ser_ID452_0_5_Sed7_S0_L001_R1_001.trim.fq.gz,49281684,7266155211
DTU_2021_1010214_1_MG_Ser_ID452_0_5_Sed7_S0_L001_R2_001.trim.fq.gz,49281684,7221644035
DTU_2021_1010215_1_MG_Ser_ID453_0_5_Sed8_S0_L001_R1_001.singletons.fq.gz,3244099,425246697
DTU_2021_1010215_1_MG_Ser_ID453_0_5_Sed8_S0_L001_R1_001.trim.fq.gz,73752116,10927925064
DTU_2021_1010215_1_MG_Ser_ID453_0_5_Sed8_S0_L001_R2_001.trim.fq.gz,73752116,10682011719
DTU_2021_1010216_1_MG_Ser_ID454_0_Cli1_S0_L001_R1_001.singletons.fq.gz,2946474,387921343
DTU_2021_1010216_1_MG_Ser_ID454_0_Cli1_S0_L001_R1_001.trim.fq.gz,74846463,11064923947
DTU_2021_1010216_1_MG_Ser_ID454_0_Cli1_S0_L001_R2_001.trim.fq.gz,74846463,10919227029
DTU_2021_1010217_1_MG_Ser_ID455_0_Cli2_S0_L001_R1_001.singletons.fq.gz,1359630,178039468
DTU_2021_1010217_1_MG_Ser_ID455_0_Cli2_S0_L001_R1_001.trim.fq.gz,41061773,6033015628
DTU_2021_1010217_1_MG_Ser_ID455_0_Cli2_S0_L001_R2_001.trim.fq.gz,41061773,5979455196
DTU_2021_1010218_1_MG_Ser_ID456_0_Cli3_S0_L001_R1_001.singletons.fq.gz,2008593,260744628
DTU_2021_1010218_1_MG_Ser_ID456_0_Cli3_S0_L001_R1_001.trim.fq.gz,51981375,7632883197
DTU_2021_1010218_1_MG_Ser_ID456_0_Cli3_S0_L001_R2_001.trim.fq.gz,51981375,7477895145
DTU_2021_1010219_1_MG_Ser_ID457_0_Cli4_S0_L001_R1_001.singletons.fq.gz,1548720,203409693
DTU_2021_1010219_1_MG_Ser_ID457_0_Cli4_S0_L001_R1_001.trim.fq.gz,46724075,6882798236
DTU_2021_1010219_1_MG_Ser_ID457_0_Cli4_S0_L001_R2_001.trim.fq.gz,46724075,6824983422
DTU_2021_1010220_1_MG_Ser_ID458_0_Cli5_S0_L001_R1_001.singletons.fq.gz,1503735,197208520
DTU_2021_1010220_1_MG_Ser_ID458_0_Cli5_S0_L001_R1_001.trim.fq.gz,43912524,6462711744
DTU_2021_1010220_1_MG_Ser_ID458_0_Cli5_S0_L001_R2_001.trim.fq.gz,43912524,6399024309
DTU_2021_1010221_1_MG_Ser_ID459_0_Cli6_S0_L001_R1_001.singletons.fq.gz,1810188,237508448
DTU_2021_1010221_1_MG_Ser_ID459_0_Cli6_S0_L001_R1_001.trim.fq.gz,52299297,7695362773
DTU_2021_1010221_1_MG_Ser_ID459_0_Cli6_S0_L001_R2_001.trim.fq.gz,52299297,7632893068
DTU_2021_1010222_1_MG_Ser_ID460_0_Cli7_S0_L001_R1_001.singletons.fq.gz,2012443,260170287
DTU_2021_1010222_1_MG_Ser_ID460_0_Cli7_S0_L001_R1_001.trim.fq.gz,57750155,8397250775
DTU_2021_1010222_1_MG_Ser_ID460_0_Cli7_S0_L001_R2_001.trim.fq.gz,57750155,8268143377
DTU_2021_1010223_1_MG_Ser_ID461_0_Cli8_S0_L001_R1_001.singletons.fq.gz,2505698,325909809
DTU_2021_1010223_1_MG_Ser_ID461_0_Cli8_S0_L001_R1_001.trim.fq.gz,68900775,10147465684
DTU_2021_1010223_1_MG_Ser_ID461_0_Cli8_S0_L001_R2_001.trim.fq.gz,68900775,10059835347
DTU_2021_1010224_1_MG_Ser_ID462_0_CliT1_S0_L001_R1_001.singletons.fq.gz,1495385,197104704
DTU_2021_1010224_1_MG_Ser_ID462_0_CliT1_S0_L001_R1_001.trim.fq.gz,42021908,6210282804
DTU_2021_1010224_1_MG_Ser_ID462_0_CliT1_S0_L001_R2_001.trim.fq.gz,42021908,6132217451
DTU_2021_1010225_1_MG_Ser_ID463_0_CliT2_S0_L001_R1_001.singletons.fq.gz,1842743,244286606
DTU_2021_1010225_1_MG_Ser_ID463_0_CliT2_S0_L001_R1_001.trim.fq.gz,44196445,6529575970
DTU_2021_1010225_1_MG_Ser_ID463_0_CliT2_S0_L001_R2_001.trim.fq.gz,44196445,6404625247
DTU_2021_1010226_1_MG_Ser_ID464_0_CliT3_S0_L001_R1_001.singletons.fq.gz,1547903,205177026
DTU_2021_1010226_1_MG_Ser_ID464_0_CliT3_S0_L001_R1_001.trim.fq.gz,42239655,6243990244
DTU_2021_1010226_1_MG_Ser_ID464_0_CliT3_S0_L001_R2_001.trim.fq.gz,42239655,6156727446
DTU_2021_1010227_1_MG_Ser_ID465_0_CliT4_S0_L001_R1_001.singletons.fq.gz,2744646,358767148
DTU_2021_1010227_1_MG_Ser_ID465_0_CliT4_S0_L001_R1_001.trim.fq.gz,63395732,9359408865
DTU_2021_1010227_1_MG_Ser_ID465_0_CliT4_S0_L001_R2_001.trim.fq.gz,63395732,9139004156
DTU_2021_1010228_1_MG_Mid_ID_A1_4_Midden_S0_L001_R1_001.singletons.fq.gz,2631346,341659434
DTU_2021_1010228_1_MG_Mid_ID_A1_4_Midden_S0_L001_R1_001.trim.fq.gz,73769207,10919101707
DTU_2021_1010228_1_MG_Mid_ID_A1_4_Midden_S0_L001_R2_001.trim.fq.gz,73769207,10720203010
DTU_2021_1010229_1_MG_Mid_ID_A1_6B_Midden_S0_L001_R1_001.singletons.fq.gz,870822,104902044
DTU_2021_1010229_1_MG_Mid_ID_A1_6B_Midden_S0_L001_R1_001.trim.fq.gz,34811427,5053407942
DTU_2021_1010229_1_MG_Mid_ID_A1_6B_Midden_S0_L001_R2_001.trim.fq.gz,34811427,4998085691
DTU_2021_1010231_1_MG_Mid_ID_A1_10_Midden_S0_L001_R1_001.singletons.fq.gz,1258750,164436856
DTU_2021_1010231_1_MG_Mid_ID_A1_10_Midden_S0_L001_R1_001.trim.fq.gz,49689890,7266841651
DTU_2021_1010231_1_MG_Mid_ID_A1_10_Midden_S0_L001_R2_001.trim.fq.gz,49689890,7297052571
DTU_2021_1010232_1_MG_Mid_ID_A1_17A_Midden_S0_L001_R1_001.singletons.fq.gz,1351563,168665725
DTU_2021_1010232_1_MG_Mid_ID_A1_17A_Midden_S0_L001_R1_001.trim.fq.gz,44765901,6310678962
DTU_2021_1010232_1_MG_Mid_ID_A1_17A_Midden_S0_L001_R2_001.trim.fq.gz,44765901,6312119074
DTU_2021_1010233_1_MG_Mid_ID_A1_20B_Midden_S0_L001_R1_001.singletons.fq.gz,1000962,111821933
DTU_2021_1010233_1_MG_Mid_ID_A1_20B_Midden_S0_L001_R1_001.trim.fq.gz,39937993,4914528990
DTU_2021_1010233_1_MG_Mid_ID_A1_20B_Midden_S0_L001_R2_001.trim.fq.gz,39937993,4932764475
DTU_2021_1010234_1_MG_Mid_ID_A1_23A_Midden_S0_L001_R1_001.singletons.fq.gz,734459,84265863
DTU_2021_1010234_1_MG_Mid_ID_A1_23A_Midden_S0_L001_R1_001.trim.fq.gz,40728722,5287328723
DTU_2021_1010234_1_MG_Mid_ID_A1_23A_Midden_S0_L001_R2_001.trim.fq.gz,40728722,5296688955
DTU_2021_1010235_1_MG_Mid_ID_A1_25_Midden_S0_L001_R1_001.singletons.fq.gz,933855,104143242
DTU_2021_1010235_1_MG_Mid_ID_A1_25_Midden_S0_L001_R1_001.trim.fq.gz,38863258,4842196828
DTU_2021_1010235_1_MG_Mid_ID_A1_25_Midden_S0_L001_R2_001.trim.fq.gz,38863258,4852743808
DTU_2021_1010236_1_MG_Mid_ID_A1_26A_Midden_S0_L001_R1_001.singletons.fq.gz,765465,97234040
DTU_2021_1010236_1_MG_Mid_ID_A1_26A_Midden_S0_L001_R1_001.trim.fq.gz,42234358,6078580877
DTU_2021_1010236_1_MG_Mid_ID_A1_26A_Midden_S0_L001_R2_001.trim.fq.gz,42234358,6063507844
